url_length,num_dots,num_hyphens,uses_ip_domain,has_at_symbol,uses_https,num_subdomains,suspicious_keyword_count,uses_punycode,domain_entropy,has_password_field,num_forms,external_form_action,num_iframes,external_links_ratio,has_hidden_inputs,label
31,1,0,0,0,1,0,0,0,3.418,0,0,0,0,0.0,0,1
19,1,0,0,0,1,0,0,0,2.322,0,0,0,0,0.0,0,0
90,3,1,0,0,1,1,0,0,1.5,0,0,0,0,0.0,0,1
36,2,0,0,0,1,1,0,0,2.419,0,0,0,0,0.0,0,1
37,1,0,0,0,1,0,1,0,2.807,0,0,0,0,0.0,0,0
42,2,1,0,0,1,1,0,0,4.054,0,0,0,0,0.0,0,1
69,2,1,0,0,1,1,0,0,3.374,0,0,0,0,0.0,0,0
20,1,0,0,0,1,0,0,0,2.922,0,0,0,0,0.0,0,1
50,2,1,0,0,1,1,0,0,3.943,0,0,0,0,0.0,0,1
31,2,0,0,0,1,0,0,0,3.322,0,0,0,0,0.0,0,1
23,1,0,0,0,1,0,0,0,3.17,0,0,0,0,0.0,0,0
46,2,3,0,0,1,1,0,0,3.337,0,0,0,0,0.0,0,1
90,2,6,0,0,1,1,0,0,4.022,0,0,0,0,0.0,0,1
53,1,1,0,0,1,0,0,0,2.948,0,0,0,0,0.0,0,0
14,1,0,0,0,1,0,0,0,2.0,0,0,0,0,0.0,0,0
58,1,0,0,0,1,0,0,0,2.252,0,0,0,0,0.0,0,0
38,2,1,0,0,1,1,0,0,3.393,0,0,0,0,0.0,0,1
52,2,2,0,0,1,1,0,0,2.642,0,0,0,0,0.0,0,1
44,2,0,0,0,1,1,0,0,2.5,0,0,0,0,0.0,0,0
124,2,11,0,0,1,1,0,0,3.948,0,0,0,0,0.0,0,1
66,3,0,0,0,1,1,1,0,3.278,0,0,0,0,0.0,0,0
53,3,1,0,0,0,0,1,0,3.698,0,0,0,0,0.0,0,1
51,1,0,0,0,1,0,0,0,3.25,0,0,0,0,0.0,0,0
36,2,0,0,0,1,0,0,0,3.278,0,0,0,0,0.0,0,1
42,2,1,0,0,1,1,0,0,2.322,0,0,0,0,0.0,0,1
49,1,2,0,0,1,0,0,0,3.278,0,0,0,0,0.0,0,0
33,2,1,0,0,1,1,0,0,3.122,0,0,0,0,0.0,0,0
34,1,0,0,0,1,0,1,0,2.75,0,0,0,0,0.0,0,0
48,3,2,0,0,1,1,0,0,2.75,0,0,0,0,0.0,0,0
51,1,1,0,0,1,0,0,0,3.085,0,0,0,0,0.0,0,1
19,1,0,0,0,1,0,0,0,2.725,0,0,0,0,0.0,0,0
32,2,1,0,0,1,1,0,0,2.725,0,0,0,0,0.0,0,1
161,2,0,0,0,1,0,0,0,3.65,0,0,0,0,0.0,0,1
30,2,0,0,0,1,1,0,0,3.122,0,0,0,0,0.0,0,0
43,2,1,0,0,1,1,0,0,3.125,0,0,0,0,0.0,0,1
47,2,2,0,0,1,0,0,0,2.406,0,0,0,0,0.0,0,0
39,1,0,0,0,1,0,0,0,3.027,0,0,0,0,0.0,0,0
33,1,0,0,0,1,0,0,0,2.845,0,0,0,0,0.0,0,1
60,1,0,0,0,1,0,0,0,2.855,0,0,0,0,0.0,0,1
25,2,0,0,0,1,1,0,0,3.322,0,0,0,0,0.0,0,0
23,2,0,0,0,1,1,1,0,2.922,0,0,0,0,0.0,0,0
33,1,0,0,0,1,0,1,0,2.95,0,0,0,0,0.0,0,0
57,2,2,0,0,1,1,0,0,3.461,0,0,0,0,0.0,0,0
41,2,0,0,0,1,1,1,0,2.664,0,0,0,0,0.0,0,0
190,2,0,0,0,1,1,1,0,2.642,0,0,0,0,0.0,0,1
29,1,1,0,0,1,0,0,0,2.522,0,0,0,0,0.0,0,0
54,1,0,0,0,1,0,0,0,2.585,0,0,0,0,0.0,0,0
27,1,0,0,0,1,0,0,0,2.948,0,0,0,0,0.0,0,0
33,1,0,0,0,1,0,0,0,3.428,0,0,0,0,0.0,0,1
55,2,1,0,0,1,1,0,0,2.522,0,0,0,0,0.0,0,0
20,1,0,0,0,1,0,0,0,3.122,0,0,0,0,0.0,0,0
52,2,1,0,0,1,0,0,0,2.948,0,0,0,0,0.0,0,0
44,1,0,0,0,1,0,0,0,3.181,0,0,0,0,0.0,0,0
31,2,0,0,0,1,1,0,0,2.725,0,0,0,0,0.0,0,1
47,2,1,0,0,1,1,0,0,3.971,0,0,0,0,0.0,0,1
39,2,1,0,0,0,1,0,0,2.75,0,0,0,0,0.0,0,1
44,1,2,0,0,1,0,0,0,3.322,0,0,0,0,0.0,0,0
42,2,0,0,0,1,0,0,0,3.039,0,0,0,0,0.0,0,1
72,2,3,0,0,1,1,0,0,2.922,0,0,0,0,0.0,0,1
44,1,2,0,0,1,0,0,0,2.75,0,0,0,0,0.0,0,0
25,2,1,0,0,1,1,0,0,2.722,0,0,0,0,0.0,0,0
21,1,0,0,0,1,0,0,0,3.096,0,0,0,0,0.0,0,0
54,2,2,0,0,1,1,1,0,3.189,0,0,0,0,0.0,0,0
25,1,0,0,0,1,0,0,0,3.122,0,0,0,0,0.0,0,1
40,1,0,0,0,1,0,1,0,2.922,0,0,0,0,0.0,0,0
45,2,1,0,0,1,1,0,0,2.0,0,0,0,0,0.0,0,1
53,1,2,0,0,1,0,1,0,3.156,0,0,0,0,0.0,0,0
79,3,2,0,0,1,1,0,0,3.457,0,0,0,0,0.0,0,1
44,1,0,0,0,1,0,0,0,3.122,0,0,0,0,0.0,0,1
62,6,0,0,0,1,4,0,0,2.922,0,0,0,0,0.0,0,1
28,1,1,0,0,1,0,0,0,2.585,0,0,0,0,0.0,0,0
33,2,0,0,0,1,1,0,0,2.906,0,0,0,0,0.0,0,0
30,2,0,0,0,1,1,0,0,3.027,0,0,0,0,0.0,0,1
40,2,0,0,0,0,1,0,0,3.875,0,0,0,0,0.0,0,1
48,2,0,0,0,1,1,0,0,3.122,0,0,0,0,0.0,0,0
46,2,2,0,0,1,1,0,0,2.503,0,0,0,0,0.0,0,1
59,2,5,0,0,1,1,0,0,2.642,0,0,0,0,0.0,0,1
59,1,0,0,0,1,0,0,0,3.322,0,0,0,0,0.0,0,0
62,2,0,0,0,1,1,0,0,3.418,0,0,0,0,0.0,0,0
58,2,2,0,0,1,1,0,0,2.646,0,0,0,0,0.0,0,0
43,2,1,0,0,1,1,0,0,2.725,0,0,0,0,0.0,0,1
40,2,1,0,0,0,1,0,0,3.75,0,0,0,0,0.0,0,1
20,1,1,0,0,1,0,0,0,3.122,0,0,0,0,0.0,0,1
33,2,1,0,0,1,0,0,0,3.122,0,0,0,0,0.0,0,1
58,1,1,0,0,1,0,0,0,2.646,0,0,0,0,0.0,0,0
59,2,4,0,0,1,1,0,0,2.642,0,0,0,0,0.0,0,1
51,1,2,0,0,1,0,0,0,2.807,0,0,0,0,0.0,0,0
29,1,0,0,0,1,0,0,0,3.323,0,0,0,0,0.0,0,0
48,1,0,0,0,1,0,0,0,3.085,0,0,0,0,0.0,0,0
63,1,0,0,0,1,0,0,0,2.95,0,0,0,0,0.0,0,0
46,3,1,0,0,1,1,0,0,3.122,0,0,0,0,0.0,0,1
42,2,0,0,0,1,1,0,0,3.335,0,0,0,0,0.0,0,1
54,1,0,0,0,1,0,0,0,2.322,0,0,0,0,0.0,0,0
65,2,0,0,0,1,1,1,0,3.278,0,0,0,0,0.0,0,0
20,1,0,0,0,1,0,0,0,3.122,0,0,0,0,0.0,0,1
26,2,0,0,0,1,1,0,0,3.17,0,0,0,0,0.0,0,1
55,2,1,0,0,1,0,0,0,2.922,0,0,0,0,0.0,0,0
24,1,0,0,0,1,0,0,0,3.182,0,0,0,0,0.0,0,0
37,1,0,0,0,1,0,0,0,2.252,0,0,0,0,0.0,0,0
49,2,2,0,0,1,1,0,0,2.845,0,0,0,0,0.0,0,0
39,1,0,0,0,1,0,0,0,2.807,0,0,0,0,0.0,0,0
40,1,1,0,0,1,0,0,0,3.17,0,0,0,0,0.0,0,1
37,2,0,0,0,1,0,0,0,3.418,0,0,0,0,0.0,0,1
50,2,3,0,0,0,1,0,0,3.962,0,0,0,0,0.0,0,1
52,2,1,0,0,1,1,0,0,3.374,0,0,0,0,0.0,0,0
31,2,0,0,0,1,1,0,0,2.725,0,0,0,0,0.0,0,1
23,2,0,0,0,1,1,0,0,2.252,0,0,0,0,0.0,0,0
51,2,1,0,0,1,1,1,0,3.096,0,0,0,0,0.0,0,0
35,2,0,0,0,1,1,0,0,2.725,0,0,0,0,0.0,0,1
30,2,0,0,0,1,1,0,0,2.918,0,0,0,0,0.0,0,1
51,1,0,0,0,1,0,0,0,2.252,0,0,0,0,0.0,0,0
50,2,1,0,0,1,0,1,0,2.406,0,0,0,0,0.0,0,0
36,2,1,0,0,1,1,0,0,2.974,0,0,0,0,0.0,0,0
35,1,0,0,0,1,0,1,0,1.922,0,0,0,0,0.0,0,0
31,2,0,0,0,1,1,1,0,3.507,0,0,0,0,0.0,0,0
31,2,0,0,0,1,0,0,0,3.122,0,0,0,0,0.0,0,1
34,2,0,0,0,1,1,0,0,3.17,0,0,0,0,0.0,0,1
32,2,0,0,0,1,1,0,0,3.24,0,0,0,0,0.0,0,1
38,1,0,0,0,1,0,1,0,2.75,0,0,0,0,0.0,0,0
39,1,0,0,0,1,0,0,0,3.0,0,0,0,0,0.0,0,0
55,3,0,0,0,1,0,0,0,3.146,0,0,0,0,0.0,0,1
33,2,1,0,0,1,1,0,0,2.5,0,0,0,0,0.0,0,1
61,1,0,0,0,1,0,0,0,3.418,0,0,0,0,0.0,0,0
57,2,1,0,0,1,1,0,0,4.07,0,0,0,0,0.0,0,1
51,1,2,0,0,1,0,0,0,2.128,0,0,0,0,0.0,0,0
48,2,0,0,0,1,1,0,0,2.725,0,0,0,0,0.0,0,0
37,2,1,0,0,1,1,1,0,2.948,0,0,0,0,0.0,0,1
63,1,0,0,0,1,0,0,0,3.182,0,0,0,0,0.0,0,0
17,1,0,0,0,1,0,0,0,2.807,0,0,0,0,0.0,0,0
28,1,0,0,0,1,0,0,0,2.5,0,0,0,0,0.0,0,1
35,2,0,0,0,1,1,0,0,2.948,0,0,0,0,0.0,0,1
46,1,2,0,0,1,0,0,0,2.75,0,0,0,0,0.0,0,0
26,1,0,0,0,1,0,0,0,2.156,0,0,0,0,0.0,0,0
53,2,2,0,0,1,1,0,0,3.252,0,0,0,0,0.0,0,0
44,2,2,0,0,1,1,1,0,3.122,0,0,0,0,0.0,0,1
53,1,2,0,0,1,0,0,0,3.17,0,0,0,0,0.0,0,0
37,2,0,0,0,1,1,1,0,2.725,0,0,0,0,0.0,0,1
59,2,3,0,0,1,1,0,0,3.962,0,0,0,0,0.0,0,1
49,1,0,0,0,1,0,0,0,3.197,0,0,0,0,0.0,0,1
80,3,2,0,0,1,1,0,0,3.457,0,0,0,0,0.0,0,1
46,2,0,0,0,1,1,0,0,2.725,0,0,0,0,0.0,0,0
23,1,0,0,0,1,0,0,0,1.585,0,0,0,0,0.0,0,1
35,2,2,0,0,1,1,0,0,3.418,0,0,0,0,0.0,0,0
40,1,0,0,0,1,0,0,0,2.896,0,0,0,0,0.0,0,0
62,2,1,0,0,1,1,0,0,2.75,0,0,0,0,0.0,0,0
28,1,0,0,0,1,0,0,0,3.379,0,0,0,0,0.0,0,0
63,2,0,0,0,1,1,0,0,3.239,0,0,0,0,0.0,0,0
33,2,0,0,0,1,0,0,0,3.418,0,0,0,0,0.0,0,1
35,2,1,0,0,1,1,0,0,4.005,0,0,0,0,0.0,0,1
28,2,0,0,0,1,0,0,0,3.337,0,0,0,0,0.0,0,0
28,1,2,0,0,1,0,0,0,3.461,0,0,0,0,0.0,0,1
40,1,0,0,0,1,0,0,0,2.922,0,0,0,0,0.0,0,0
46,1,0,0,0,1,0,0,0,2.522,0,0,0,0,0.0,0,0
33,2,0,0,0,0,1,0,0,3.455,0,0,0,0,0.0,0,1
63,2,0,0,0,1,1,1,0,2.75,0,0,0,0,0.0,0,0
99,2,8,0,0,1,1,0,0,3.684,0,0,0,0,0.0,0,1
44,3,0,0,0,1,1,0,0,3.503,0,0,0,0,0.0,0,1
42,2,0,0,0,0,1,0,0,3.503,0,0,0,0,0.0,0,1
47,2,3,0,0,1,1,0,0,3.0,0,0,0,0,0.0,0,0
30,1,1,0,0,1,0,0,0,3.884,0,0,0,0,0.0,0,1
58,2,1,0,0,1,0,1,0,3.278,0,0,0,0,0.0,0,0
21,1,0,0,0,1,0,1,0,3.252,0,0,0,0,0.0,0,1
47,2,4,0,0,1,1,0,0,2.725,0,0,0,0,0.0,0,1
38,2,0,0,0,1,1,0,0,3.393,0,0,0,0,0.0,0,1
51,1,1,0,0,1,0,1,0,2.985,0,0,0,0,0.0,0,0
22,2,0,0,0,1,1,0,0,2.807,0,0,0,0,0.0,0,0
28,1,0,0,0,1,0,0,0,3.325,0,0,0,0,0.0,0,0
59,2,5,0,0,1,1,0,0,2.642,0,0,0,0,0.0,0,1
27,1,0,0,0,1,0,1,0,2.75,0,0,0,0,0.0,0,0
34,2,0,0,0,0,1,0,0,3.337,0,0,0,0,0.0,0,1
31,2,1,0,0,1,1,0,0,2.725,0,0,0,0,0.0,0,1
27,1,0,0,0,1,0,0,0,3.547,0,0,0,0,0.0,0,0
43,2,0,0,0,1,1,1,0,3.085,0,0,0,0,0.0,0,0
22,1,0,0,0,1,0,0,0,2.75,0,0,0,0,0.0,0,0
54,2,3,0,0,1,1,1,0,3.278,0,0,0,0,0.0,0,0
39,2,2,0,0,1,1,0,0,3.027,0,0,0,0,0.0,0,1
32,2,0,0,0,1,1,0,0,3.057,0,0,0,0,0.0,0,1
30,1,1,0,0,1,0,0,0,2.75,0,0,0,0,0.0,0,0
29,2,1,0,0,1,0,0,0,3.122,0,0,0,0,0.0,0,1
44,1,1,0,0,1,0,1,0,2.522,0,0,0,0,0.0,0,0
33,1,1,0,0,1,0,0,0,3.471,0,0,0,0,0.0,0,1
19,1,0,0,0,1,0,0,0,2.725,0,0,0,0,0.0,0,0
72,2,6,0,0,1,1,0,0,3.393,0,0,0,0,0.0,0,1
25,1,0,0,0,1,0,0,0,2.845,0,0,0,0,0.0,0,0
21,1,0,0,0,1,0,0,0,2.522,0,0,0,0,0.0,0,0
84,4,1,0,0,1,2,0,0,2.855,0,0,0,0,0.0,0,1
43,2,0,0,0,1,1,0,0,2.585,0,0,0,0,0.0,0,0
27,1,0,0,0,1,0,0,0,2.948,0,0,0,0,0.0,0,0
41,2,0,0,0,0,1,0,0,3.455,0,0,0,0,0.0,0,1
49,1,2,0,0,1,0,0,0,3.17,0,0,0,0,0.0,0,0
35,2,2,0,0,1,1,0,0,3.584,0,0,0,0,0.0,0,1
67,2,6,0,0,1,1,0,0,2.642,0,0,0,0,0.0,0,1
22,1,0,0,0,1,0,0,0,3.418,0,0,0,0,0.0,0,1
46,2,2,0,0,1,1,0,0,3.122,0,0,0,0,0.0,0,1
31,2,1,0,0,1,1,0,0,3.17,0,0,0,0,0.0,0,1
21,1,0,0,0,1,0,0,0,2.522,0,0,0,0,0.0,0,0
46,1,0,0,0,1,0,0,0,2.846,0,0,0,0,0.0,0,0
61,1,1,0,0,1,0,0,0,3.239,0,0,0,0,0.0,0,0
52,2,2,0,0,1,1,0,0,4.032,0,0,0,0,0.0,0,1
45,2,1,0,0,0,1,0,0,4.054,0,0,0,0,0.0,0,1
42,2,0,0,0,1,1,1,0,2.646,0,0,0,0,0.0,0,0
31,2,0,0,0,1,1,1,0,3.278,0,0,0,0,0.0,0,0
50,2,1,0,0,1,1,0,0,3.122,0,0,0,0,0.0,0,1
27,1,0,0,0,1,0,0,0,2.725,0,0,0,0,0.0,0,0
56,1,2,0,0,1,0,0,0,3.0,0,0,0,0,0.0,0,0
22,1,0,0,0,1,0,0,0,3.0,0,0,0,0,0.0,0,0
26,2,0,0,0,1,1,0,0,2.948,0,0,0,0,0.0,0,1
20,1,1,0,0,1,0,0,0,2.922,0,0,0,0,0.0,0,0
41,1,0,0,0,1,0,0,0,3.322,0,0,0,0,0.0,0,0
46,2,0,0,0,1,1,0,0,3.0,0,0,0,0,0.0,0,0
32,1,1,0,0,1,0,0,0,3.789,0,0,0,0,0.0,0,1
44,2,4,0,0,1,1,0,0,3.335,0,0,0,0,0.0,0,1
58,3,1,0,0,1,1,0,0,2.522,0,0,0,0,0.0,0,0
31,2,0,0,0,1,1,0,0,2.948,0,0,0,0,0.0,0,1
29,2,0,0,0,1,1,1,0,2.855,0,0,0,0,0.0,0,0
55,2,2,0,0,1,1,0,0,3.325,0,0,0,0,0.0,0,0
65,3,6,0,0,1,2,0,0,2.922,0,0,0,0,0.0,0,1
48,2,0,0,0,1,1,0,0,3.027,0,0,0,0,0.0,0,1
39,2,1,0,0,1,1,0,0,4.005,0,0,0,0,0.0,0,1
60,1,0,0,0,1,0,0,0,2.75,0,0,0,0,0.0,0,0
32,1,0,0,0,1,0,0,0,1.792,0,0,0,0,0.0,0,0
48,2,3,0,0,1,1,0,0,3.5,0,0,0,0,0.0,0,1
24,1,0,0,0,1,0,0,0,2.918,0,0,0,0,0.0,0,1
52,1,1,0,0,1,0,0,0,2.5,0,0,0,0,0.0,0,0
35,2,2,0,0,1,0,0,0,3.25,0,0,0,0,0.0,0,1
59,2,1,0,0,1,0,0,0,3.418,0,0,0,0,0.0,0,0
62,2,0,0,0,1,1,1,0,3.096,0,0,0,0,0.0,0,0
20,1,1,0,0,1,0,0,0,3.122,0,0,0,0,0.0,0,1
42,2,0,0,0,0,1,0,0,3.725,0,0,0,0,0.0,0,1
35,1,0,0,0,1,0,1,0,2.948,0,0,0,0,0.0,0,0
53,2,1,0,0,0,1,0,0,3.239,0,0,0,0,0.0,0,1
46,1,0,0,0,1,0,0,0,3.797,0,0,0,0,0.0,0,1
36,2,0,0,0,1,0,0,0,3.459,0,0,0,0,0.0,0,1
35,1,1,0,0,1,0,0,0,3.334,0,0,0,0,0.0,0,1
25,2,0,0,0,1,1,1,0,2.503,0,0,0,0,0.0,0,0
57,2,1,0,0,1,1,0,0,3.122,0,0,0,0,0.0,0,1
59,2,5,0,0,1,1,0,0,2.642,0,0,0,0,0.0,0,1
25,1,0,0,0,1,0,1,0,3.122,0,0,0,0,0.0,0,0
34,2,0,0,0,1,1,0,0,2.732,0,0,0,0,0.0,0,1
57,1,1,0,0,1,0,0,0,2.725,0,0,0,0,0.0,0,0
53,1,2,0,0,1,0,0,0,3.323,0,0,0,0,0.0,0,0
42,2,0,0,0,1,1,0,0,3.125,0,0,0,0,0.0,0,1
320,2,10,0,0,0,1,0,0,3.948,0,0,0,0,0.0,0,1
60,2,0,0,0,1,1,0,0,3.027,0,0,0,0,0.0,0,0
37,1,0,0,0,1,0,0,0,2.585,0,0,0,0,0.0,0,0
53,2,2,0,0,1,1,0,0,3.085,0,0,0,0,0.0,0,0
22,1,0,0,0,1,0,0,0,2.5,0,0,0,0,0.0,0,0
37,2,0,0,0,1,1,0,0,2.948,0,0,0,0,0.0,0,1
60,1,1,0,0,1,0,0,0,3.085,0,0,0,0,0.0,0,0
53,2,4,0,0,1,1,0,0,2.725,0,0,0,0,0.0,0,1
39,2,0,0,0,1,0,0,0,2.522,0,0,0,0,0.0,0,0
17,1,0,0,0,1,0,0,0,2.522,0,0,0,0,0.0,0,0
97,2,3,0,0,1,1,1,0,2.914,0,0,0,0,0.0,0,1
20,1,0,0,0,1,0,0,0,3.122,0,0,0,0,0.0,0,1
47,1,0,0,0,1,0,0,0,2.914,0,0,0,0,0.0,0,0
38,1,0,0,0,1,0,1,0,2.75,0,0,0,0,0.0,0,0
35,2,0,0,0,1,0,0,0,3.122,0,0,0,0,0.0,0,1
35,2,0,0,0,1,1,0,0,2.977,0,0,0,0,0.0,0,1
48,2,0,0,0,1,1,0,0,2.252,0,0,0,0,0.0,0,0
36,1,0,0,0,1,0,0,0,3.122,0,0,0,0,0.0,0,0
58,1,0,0,0,1,0,0,0,3.085,0,0,0,0,0.0,0,0
39,2,0,0,0,1,1,1,0,2.948,0,0,0,0,0.0,0,1
33,1,1,0,0,1,0,0,0,3.19,0,0,0,0,0.0,0,1
31,1,2,0,0,1,0,0,0,2.725,0,0,0,0,0.0,0,0
22,2,0,0,0,1,1,0,0,2.807,0,0,0,0,0.0,0,0
25,1,0,0,0,1,0,0,0,2.914,0,0,0,0,0.0,0,1
36,2,0,0,0,1,1,0,0,3.175,0,0,0,0,0.0,0,1
37,2,0,0,0,1,0,0,0,3.418,0,0,0,0,0.0,0,1
60,2,0,0,0,1,0,0,0,3.594,0,0,0,0,0.0,0,1
35,2,0,0,0,1,0,0,0,3.252,0,0,0,0,0.0,0,0
22,1,0,0,0,1,0,1,0,2.807,0,0,0,0,0.0,0,0
46,1,1,0,0,1,0,1,0,2.725,0,0,0,0,0.0,0,0
32,1,0,0,0,1,0,0,0,2.922,0,0,0,0,0.0,0,0
19,1,0,0,0,1,0,0,0,1.922,0,0,0,0,0.0,0,0
45,1,2,0,0,1,0,0,0,3.278,0,0,0,0,0.0,0,0
20,2,0,0,0,1,1,0,0,2.75,0,0,0,0,0.0,0,0
48,2,1,0,0,1,1,1,0,1.918,0,0,0,0,0.0,0,0
47,2,0,0,0,1,1,0,0,2.948,0,0,0,0,0.0,0,0
49,2,1,0,0,0,1,0,0,4.054,0,0,0,0,0.0,0,1
34,1,0,0,0,1,0,0,0,3.252,0,0,0,0,0.0,0,0
63,2,3,0,0,1,1,0,0,3.325,0,0,0,0,0.0,0,0
49,1,0,0,0,1,0,0,0,3.239,0,0,0,0,0.0,0,0
66,2,0,0,0,1,1,0,0,3.181,0,0,0,0,0.0,0,0
72,2,3,0,0,1,1,0,0,3.122,0,0,0,0,0.0,0,1
40,2,0,0,0,1,1,0,0,3.203,0,0,0,0,0.0,0,1
36,2,1,0,0,1,1,0,0,3.122,0,0,0,0,0.0,0,1
192,2,0,0,0,1,1,0,0,2.725,0,0,0,0,0.0,0,1
22,2,0,0,0,1,1,1,0,2.252,0,0,0,0,0.0,0,0
21,1,0,0,0,1,0,0,0,2.845,0,0,0,0,0.0,0,1
19,1,0,0,0,1,0,0,0,2.725,0,0,0,0,0.0,0,0
92,3,3,0,0,1,2,0,0,2.922,0,0,0,0,0.0,0,1
24,1,0,0,0,1,0,0,0,3.039,0,0,0,0,0.0,0,0
42,2,0,0,0,1,1,0,0,3.125,0,0,0,0,0.0,0,1
27,1,0,0,0,1,0,0,0,2.914,0,0,0,0,0.0,0,1
55,1,2,0,0,1,0,0,0,2.522,0,0,0,0,0.0,0,0
55,1,0,0,0,1,0,0,0,2.585,0,0,0,0,0.0,0,0
42,2,0,0,0,1,1,0,0,2.252,0,0,0,0,0.0,0,0
27,1,0,0,0,1,0,0,0,2.0,0,0,0,0,0.0,0,1
118,2,11,0,0,0,1,0,0,3.844,0,0,0,0,0.0,0,1
45,3,0,0,0,1,1,0,0,2.807,0,0,0,0,0.0,0,0
59,2,3,0,0,1,1,0,0,3.962,0,0,0,0,0.0,0,1
22,1,0,0,0,1,0,0,0,2.5,0,0,0,0,0.0,0,0
29,2,0,0,0,1,1,1,0,2.948,0,0,0,0,0.0,0,0
41,2,2,0,0,1,1,0,0,2.642,0,0,0,0,0.0,0,1
60,2,5,0,0,1,1,0,0,2.642,0,0,0,0,0.0,0,1
59,2,2,0,0,1,1,0,0,3.281,0,0,0,0,0.0,0,0
32,2,0,0,0,0,1,0,0,2.419,0,0,0,0,0.0,0,1
27,2,0,0,0,1,1,0,0,2.725,0,0,0,0,0.0,0,1
59,2,1,0,0,1,0,0,0,2.918,0,0,0,0,0.0,0,0
27,2,0,0,0,1,1,0,0,3.122,0,0,0,0,0.0,0,1
32,2,0,0,0,0,1,0,0,3.64,0,0,0,0,0.0,0,1
35,2,0,0,0,0,1,0,0,3.278,0,0,0,0,0.0,0,1
44,3,1,0,0,1,1,0,0,3.425,0,0,0,0,0.0,0,1
34,2,1,0,0,0,1,0,0,4.005,0,0,0,0,0.0,0,1
47,2,2,0,0,1,1,0,0,3.039,0,0,0,0,0.0,0,0
27,3,0,0,0,1,2,0,0,1.5,0,0,0,0,0.0,0,1
45,1,0,0,0,1,0,0,0,2.948,0,0,0,0,0.0,0,0
32,2,0,0,0,1,1,1,0,3.078,0,0,0,0,0.0,0,0
34,2,0,0,0,1,1,0,0,3.096,0,0,0,0,0.0,0,0
47,1,0,0,0,1,0,0,0,3.085,0,0,0,0,0.0,0,0
114,3,1,0,0,1,1,1,0,2.322,0,0,0,0,0.0,0,1
28,1,0,0,0,1,0,0,0,3.096,0,0,0,0,0.0,0,1
34,1,1,0,0,1,0,0,0,3.403,0,0,0,0,0.0,0,1
31,2,0,0,0,0,1,0,0,3.24,0,0,0,0,0.0,0,1
56,3,1,0,0,1,1,0,0,3.122,0,0,0,0,0.0,0,1
64,1,1,0,0,1,0,1,0,3.625,0,0,0,0,0.0,0,0
23,1,0,0,0,1,0,0,0,2.725,0,0,0,0,0.0,0,0
36,2,3,0,0,1,1,0,0,2.5,0,0,0,0,0.0,0,1
41,1,0,0,0,1,0,0,0,3.459,0,0,0,0,0.0,0,0
52,1,2,0,0,1,0,0,0,3.522,0,0,0,0,0.0,0,0
44,2,3,0,0,1,1,0,0,2.725,0,0,0,0,0.0,0,1
38,2,0,0,0,1,1,1,0,3.17,0,0,0,0,0.0,0,0
28,1,0,0,0,1,0,0,0,3.418,0,0,0,0,0.0,0,1
40,2,1,0,0,1,1,0,0,3.323,0,0,0,0,0.0,0,1
66,3,0,0,0,1,1,0,0,3.759,0,0,0,0,0.0,0,1
41,2,0,0,0,1,1,0,0,3.122,0,0,0,0,0.0,0,0
60,1,0,0,0,1,0,0,0,2.845,0,0,0,0,0.0,0,0
75,3,6,0,0,1,2,0,0,2.922,0,0,0,0,0.0,0,1
43,2,2,0,0,1,1,0,0,2.503,0,0,0,0,0.0,0,1
45,1,0,0,0,1,0,2,0,3.64,0,0,0,0,0.0,0,0
53,2,0,0,0,1,1,1,0,2.918,0,0,0,0,0.0,0,0
49,2,1,0,0,1,1,0,0,3.522,0,0,0,0,0.0,0,1
45,1,2,0,0,1,0,0,0,2.807,0,0,0,0,0.0,0,0
21,1,0,0,0,1,0,0,0,2.807,0,0,0,0,0.0,0,0
49,1,2,0,0,1,0,0,0,2.948,0,0,0,0,0.0,0,0
58,1,2,0,0,1,0,0,0,2.722,0,0,0,0,0.0,0,0
20,1,0,0,0,1,0,0,0,2.922,0,0,0,0,0.0,0,0
36,2,2,0,0,1,1,0,0,2.503,0,0,0,0,0.0,0,1
38,1,0,0,0,1,0,0,0,2.807,0,0,0,0,0.0,0,0
54,1,0,0,0,1,0,0,0,3.461,0,0,0,0,0.0,0,0
34,2,0,0,0,1,1,0,0,2.899,0,0,0,0,0.0,0,1
30,2,0,0,0,1,1,0,0,2.725,0,0,0,0,0.0,0,1
42,1,0,0,0,1,0,0,0,3.022,0,0,0,0,0.0,0,0
37,2,1,0,0,1,1,0,0,3.252,0,0,0,0,0.0,0,1
40,2,1,0,0,1,1,0,0,4.005,0,0,0,0,0.0,0,1
61,2,1,0,0,1,1,1,0,2.914,0,0,0,0,0.0,0,0
42,2,0,0,0,0,1,0,0,3.572,0,0,0,0,0.0,0,1
27,1,0,0,0,1,0,0,0,3.239,0,0,0,0,0.0,0,0
48,1,1,0,0,1,0,1,0,3.027,0,0,0,0,0.0,0,0
57,2,1,0,0,1,0,0,0,3.122,0,0,0,0,0.0,0,0
25,1,0,0,0,1,0,0,0,3.107,0,0,0,0,0.0,0,0
47,2,1,0,0,1,1,0,0,2.322,0,0,0,0,0.0,0,1
53,2,0,0,0,1,1,1,0,3.664,0,0,0,0,0.0,0,0
49,1,3,0,0,1,0,0,0,3.19,0,0,0,0,0.0,0,0
79,2,0,0,0,1,1,0,0,3.625,0,0,0,0,0.0,0,1
61,2,2,0,0,1,1,0,0,3.252,0,0,0,0,0.0,0,0
48,5,0,0,0,1,4,0,0,2.922,0,0,0,0,0.0,0,1
26,2,0,0,0,1,1,0,0,2.585,0,0,0,0,0.0,0,0
36,2,1,0,0,1,1,0,0,3.122,0,0,0,0,0.0,0,1
29,1,1,0,0,1,0,0,0,2.948,0,0,0,0,0.0,0,1
32,2,0,0,0,1,0,0,0,3.459,0,0,0,0,0.0,0,1
59,2,4,0,0,1,1,1,0,2.75,0,0,0,0,0.0,0,1
43,2,1,0,0,1,1,0,0,3.125,0,0,0,0,0.0,0,1
34,1,0,0,0,1,0,1,0,3.0,0,0,0,0,0.0,0,0
30,2,0,0,0,1,1,1,0,3.096,0,0,0,0,0.0,0,0
53,2,2,0,0,1,1,1,0,2.646,0,0,0,0,0.0,0,0
64,2,0,0,0,1,1,0,0,3.379,0,0,0,0,0.0,0,0
46,2,2,0,0,1,0,0,0,3.523,0,0,0,0,0.0,0,1
31,2,1,0,0,1,1,0,0,1.5,0,0,0,0,0.0,0,1
61,3,1,0,0,1,0,0,0,3.547,0,0,0,0,0.0,0,0
57,1,2,0,0,1,0,0,0,3.41,0,0,0,0,0.0,0,0
42,2,2,0,0,1,0,1,0,3.328,0,0,0,0,0.0,0,1
43,3,0,0,0,1,0,0,0,3.071,0,0,0,0,0.0,0,1
31,1,1,0,0,1,0,0,0,2.642,0,0,0,0,0.0,0,0
25,1,0,0,0,1,0,1,0,2.252,0,0,0,0,0.0,0,0
27,2,0,0,0,1,1,0,0,3.039,0,0,0,0,0.0,0,0
58,4,6,0,0,0,3,0,0,2.855,0,0,0,0,0.0,0,1
78,2,3,0,1,1,0,0,0,3.022,0,0,0,0,0.0,0,1
45,1,0,0,0,1,0,0,0,3.122,0,0,0,0,0.0,0,0
49,2,1,0,0,0,1,0,0,4.054,0,0,0,0,0.0,0,1
31,2,0,0,0,1,0,0,0,3.122,0,0,0,0,0.0,0,1
28,1,1,0,0,1,0,0,0,2.252,0,0,0,0,0.0,0,0
27,1,0,0,0,1,0,0,0,2.0,0,0,0,0,0.0,0,1
34,1,0,0,0,1,0,0,0,2.918,0,0,0,0,0.0,0,0
23,1,0,0,0,1,0,1,0,3.0,0,0,0,0,0.0,0,0
20,1,0,0,0,1,0,0,0,2.922,0,0,0,0,0.0,0,1
48,2,3,0,0,1,1,0,0,2.807,0,0,0,0,0.0,0,0
50,1,1,0,0,1,0,1,0,3.239,0,0,0,0,0.0,0,0
39,2,0,0,0,1,1,0,0,2.419,0,0,0,0,0.0,0,1
54,1,0,0,0,1,0,0,0,3.48,0,0,0,0,0.0,0,0
41,2,0,0,0,1,1,0,0,3.125,0,0,0,0,0.0,0,1
67,1,5,0,0,1,0,0,0,3.719,0,0,0,0,0.0,0,0
48,1,1,0,0,1,0,1,0,2.807,0,0,0,0,0.0,0,0
27,1,0,0,0,1,0,1,0,2.855,0,0,0,0,0.0,0,0
67,2,0,0,0,1,1,0,0,2.419,0,0,0,0,0.0,0,0
25,1,0,0,0,1,0,0,0,3.096,0,0,0,0,0.0,0,0
74,2,4,0,0,0,1,0,0,3.085,0,0,0,0,0.0,0,1
59,2,2,0,0,1,1,0,0,2.948,0,0,0,0,0.0,0,0
59,3,0,0,0,1,2,0,0,3.252,0,0,0,0,0.0,0,1
25,3,0,0,0,1,1,0,0,2.503,0,0,0,0,0.0,0,0
50,2,0,0,0,1,1,0,0,3.379,0,0,0,0,0.0,0,0
60,1,0,0,0,1,0,0,0,3.085,0,0,0,0,0.0,0,1
41,2,2,0,0,1,1,0,0,2.322,0,0,0,0,0.0,0,1
38,2,0,0,0,1,1,1,0,2.922,0,0,0,0,0.0,0,0
27,1,0,0,0,1,0,0,0,2.948,0,0,0,0,0.0,0,0
53,1,1,0,0,1,0,1,0,3.203,0,0,0,0,0.0,0,0
35,2,1,0,0,1,1,0,0,2.725,0,0,0,0,0.0,0,1
46,1,0,0,0,1,0,0,0,3.797,0,0,0,0,0.0,0,1
49,2,0,0,0,1,1,0,0,3.239,0,0,0,0,0.0,0,0
56,1,2,0,0,1,0,0,0,2.75,0,0,0,0,0.0,0,0
24,1,0,0,0,1,0,0,0,2.646,0,0,0,0,0.0,0,0
301,2,0,0,1,1,1,0,0,3.122,0,0,0,0,0.0,0,1
18,1,0,0,0,1,0,0,0,2.75,0,0,0,0,0.0,0,0
24,1,0,0,0,1,0,0,0,3.17,0,0,0,0,0.0,0,1
58,3,0,0,0,1,0,0,0,3.572,0,0,0,0,0.0,0,1
56,1,2,0,0,1,0,0,0,2.855,0,0,0,0,0.0,0,0
26,2,0,0,0,1,1,0,0,3.17,0,0,0,0,0.0,0,1
52,2,2,0,0,1,1,0,0,2.503,0,0,0,0,0.0,0,1
33,1,0,0,0,1,0,0,0,2.522,0,0,0,0,0.0,0,0
60,1,2,0,0,1,0,0,0,3.585,0,0,0,0,0.0,0,0
44,2,0,0,0,1,1,0,0,2.948,0,0,0,0,0.0,0,1
44,2,0,0,0,1,1,1,0,2.322,0,0,0,0,0.0,0,0
24,1,0,0,0,1,0,0,0,3.182,0,0,0,0,0.0,0,0
30,2,0,0,0,1,1,0,0,1.5,0,0,0,0,0.0,0,1
80,5,6,0,0,1,3,0,0,2.855,0,0,0,0,0.0,0,1
35,1,0,0,0,1,0,1,0,2.948,0,0,0,0,0.0,0,0
29,1,1,0,0,1,0,0,0,3.471,0,0,0,0,0.0,0,1
67,2,2,0,0,1,1,0,0,3.382,0,0,0,0,0.0,0,0
29,1,1,0,0,1,0,0,0,3.323,0,0,0,0,0.0,0,1
82,2,2,0,0,1,1,0,0,3.29,0,0,0,0,0.0,0,1
22,1,0,0,0,1,0,0,0,3.585,0,0,0,0,0.0,0,1
27,1,0,0,0,1,0,0,0,3.181,0,0,0,0,0.0,0,1
36,2,1,0,0,1,1,0,0,3.17,0,0,0,0,0.0,0,1
29,2,1,0,0,1,1,0,0,2.725,0,0,0,0,0.0,0,0
35,1,0,0,0,1,0,0,0,3.239,0,0,0,0,0.0,0,0
43,2,0,0,0,1,1,0,0,2.522,0,0,0,0,0.0,0,0
38,1,0,0,0,1,0,1,0,2.5,0,0,0,0,0.0,0,0
49,5,0,0,0,1,4,0,0,2.922,0,0,0,0,0.0,0,1
23,1,0,0,0,1,0,0,0,2.948,0,0,0,0,0.0,0,0
43,2,1,0,0,1,1,0,0,2.322,0,0,0,0,0.0,0,1
80,2,5,0,0,1,1,0,0,3.181,0,0,0,0,0.0,0,1
52,2,0,0,0,1,0,0,0,3.393,0,0,0,0,0.0,0,1
40,2,1,0,0,1,1,0,0,2.725,0,0,0,0,0.0,0,1
49,2,0,0,0,1,1,0,0,3.085,0,0,0,0,0.0,0,0
88,2,3,0,0,1,1,0,0,3.29,0,0,0,0,0.0,0,1
32,2,1,0,0,1,1,0,0,3.335,0,0,0,0,0.0,0,1
57,2,0,0,0,1,1,0,0,3.725,0,0,0,0,0.0,0,1
54,2,4,0,0,1,1,0,0,2.642,0,0,0,0,0.0,0,1
31,2,1,0,0,1,1,0,0,3.027,0,0,0,0,0.0,0,1
37,2,1,0,0,1,1,0,0,3.393,0,0,0,0,0.0,0,1
43,2,1,0,0,1,1,0,0,4.059,0,0,0,0,0.0,0,1
30,1,1,0,0,1,0,0,0,2.75,0,0,0,0,0.0,0,0
62,2,2,0,0,1,1,0,0,3.239,0,0,0,0,0.0,0,0
21,1,0,0,0,1,0,0,0,3.096,0,0,0,0,0.0,0,0
35,2,0,0,0,1,1,1,0,3.252,0,0,0,0,0.0,0,0
46,2,0,0,0,1,1,1,0,3.096,0,0,0,0,0.0,0,0
31,2,0,0,0,1,1,1,0,2.855,0,0,0,0,0.0,0,0
30,1,1,0,0,1,0,0,0,2.5,0,0,0,0,0.0,0,0
38,2,2,0,0,1,1,1,0,2.725,0,0,0,0,0.0,0,1
120,2,13,0,0,0,1,0,0,3.418,0,0,0,0,0.0,0,1
49,1,2,0,0,1,0,0,0,2.725,0,0,0,0,0.0,0,0
21,1,0,0,0,1,0,0,0,3.096,0,0,0,0,0.0,0,0
31,1,0,0,0,1,0,1,0,3.022,0,0,0,0,0.0,0,0
25,1,0,0,0,1,0,0,0,2.732,0,0,0,0,0.0,0,0
29,1,1,0,0,1,0,0,0,2.128,0,0,0,0,0.0,0,0
43,1,0,0,0,1,0,0,0,3.393,0,0,0,0,0.0,0,0
32,2,1,0,0,1,1,0,0,2.732,0,0,0,0,0.0,0,1
34,2,0,0,0,1,1,0,0,3.125,0,0,0,0,0.0,0,1
52,2,2,0,0,1,1,0,0,3.022,0,0,0,0,0.0,0,0
49,1,2,0,0,1,0,0,0,3.393,0,0,0,0,0.0,0,0
43,2,0,0,0,1,1,0,0,2.948,0,0,0,0,0.0,0,1
45,1,0,0,0,1,0,0,0,3.281,0,0,0,0,0.0,0,1
37,2,0,0,0,1,0,0,0,3.252,0,0,0,0,0.0,0,1
35,2,0,0,0,1,0,0,0,2.922,0,0,0,0,0.0,0,1
34,2,1,0,0,1,1,0,0,3.5,0,0,0,0,0.0,0,1
28,1,1,0,0,1,0,0,0,3.664,0,0,0,0,0.0,0,0
65,1,0,0,0,1,0,0,0,3.22,0,0,0,0,0.0,0,0
33,2,0,0,0,1,1,0,0,2.0,0,0,0,0,0.0,0,1
41,1,0,0,0,1,0,0,0,2.722,0,0,0,0,0.0,0,0
52,2,0,0,0,1,1,0,0,3.031,0,0,0,0,0.0,0,0
29,2,0,0,0,1,1,0,0,2.918,0,0,0,0,0.0,0,1
32,2,0,0,0,1,0,0,0,3.278,0,0,0,0,0.0,0,1
163,2,0,0,0,1,1,0,0,3.684,0,0,0,0,0.0,0,1
40,2,0,0,0,1,1,0,0,3.182,0,0,0,0,0.0,0,1
34,2,1,0,0,1,1,0,0,3.335,0,0,0,0,0.0,0,1
19,1,0,0,0,1,0,0,0,2.948,0,0,0,0,0.0,0,1
40,1,0,0,0,1,0,0,0,2.642,0,0,0,0,0.0,0,0
44,1,0,0,0,1,0,0,0,2.948,0,0,0,0,0.0,0,0
86,2,4,0,0,1,1,0,0,3.97,0,0,0,0,0.0,0,1
48,2,1,0,0,1,1,1,0,3.17,0,0,0,0,0.0,0,0
72,2,0,0,0,1,0,0,0,3.522,0,0,0,0,0.0,0,1
18,1,0,0,0,1,0,0,0,2.5,0,0,0,0,0.0,0,1
51,2,2,0,0,1,1,0,0,2.807,0,0,0,0,0.0,0,0
51,1,1,0,0,1,0,0,0,2.522,0,0,0,0,0.0,0,0
64,1,0,0,0,1,0,0,0,3.578,0,0,0,0,0.0,0,1
63,1,0,0,0,1,0,0,0,3.096,0,0,0,0,0.0,0,0
27,1,0,0,0,1,0,0,0,2.914,0,0,0,0,0.0,0,1
58,1,2,0,0,1,0,0,0,3.522,0,0,0,0,0.0,0,0
24,1,0,0,0,1,0,0,0,3.122,0,0,0,0,0.0,0,0
26,1,1,0,0,0,0,0,0,3.303,0,0,0,0,0.0,0,1
32,1,0,0,0,1,0,0,0,3.572,0,0,0,0,0.0,0,0
29,1,0,0,0,0,0,1,0,3.453,0,0,0,0,0.0,0,1
53,7,0,0,0,1,5,1,0,3.071,0,0,0,0,0.0,0,1
74,1,2,0,0,1,0,0,0,3.556,0,0,0,0,0.0,0,1
43,1,0,0,0,1,0,0,0,2.807,0,0,0,0,0.0,0,0
65,1,0,0,0,1,0,0,0,3.547,0,0,0,0,0.0,0,0
33,1,0,0,0,1,0,0,0,2.845,0,0,0,0,0.0,0,1
55,3,0,0,0,1,1,0,0,3.203,0,0,0,0,0.0,0,1
37,2,0,0,0,1,1,0,0,3.335,0,0,0,0,0.0,0,1
48,1,1,0,0,1,0,1,0,2.522,0,0,0,0,0.0,0,0
44,1,0,0,0,1,0,0,0,2.948,0,0,0,0,0.0,0,0
45,2,2,0,0,1,1,0,0,2.522,0,0,0,0,0.0,0,0
42,2,1,0,0,0,1,0,0,3.948,0,0,0,0,0.0,0,1
54,2,3,0,0,0,1,0,0,2.914,0,0,0,0,0.0,0,1
58,1,2,0,0,1,0,0,0,3.182,0,0,0,0,0.0,0,0
38,1,0,0,0,1,0,1,0,2.75,0,0,0,0,0.0,0,0
48,1,1,0,0,1,0,0,0,3.503,0,0,0,0,0.0,0,1
44,1,0,0,0,1,0,0,0,3.085,0,0,0,0,0.0,0,1
34,2,0,0,0,1,1,1,0,2.948,0,0,0,0,0.0,0,1
30,2,0,0,0,1,0,1,0,3.122,0,0,0,0,0.0,0,0
33,2,0,0,0,1,0,0,0,3.252,0,0,0,0,0.0,0,1
58,1,0,0,0,1,0,0,0,2.948,0,0,0,0,0.0,0,0
23,1,0,0,0,1,0,0,0,2.322,0,0,0,0,0.0,0,0
35,2,1,0,0,1,1,0,0,3.17,0,0,0,0,0.0,0,1
21,1,0,0,0,1,0,0,0,3.278,0,0,0,0,0.0,0,1
40,2,0,0,0,1,1,0,0,2.522,0,0,0,0,0.0,0,0
76,3,1,0,0,1,1,0,0,3.616,0,0,0,0,0.0,0,1
61,1,3,0,0,1,0,0,0,3.335,0,0,0,0,0.0,0,0
19,1,0,0,0,1,0,0,0,1.922,0,0,0,0,0.0,0,0
18,1,0,0,0,1,0,0,0,2.948,0,0,0,0,0.0,0,1
24,1,0,0,0,1,0,0,0,3.236,0,0,0,0,0.0,0,0
46,2,1,0,0,0,1,0,0,4.187,0,0,0,0,0.0,0,1
51,1,1,0,0,1,0,0,0,3.085,0,0,0,0,0.0,0,1
47,2,3,0,0,1,1,0,0,2.725,0,0,0,0,0.0,0,1
39,2,2,0,0,1,1,0,0,3.393,0,0,0,0,0.0,0,1
60,2,1,0,0,0,1,0,0,4.07,0,0,0,0,0.0,0,1
27,1,0,0,0,1,0,1,0,3.085,0,0,0,0,0.0,0,0
26,1,0,0,0,1,0,0,0,3.418,0,0,0,0,0.0,0,0
35,2,1,0,0,0,1,0,0,2.914,0,0,0,0,0.0,0,1
46,2,1,0,0,0,1,0,0,4.005,0,0,0,0,0.0,0,1
22,1,0,0,0,1,0,0,0,3.252,0,0,0,0,0.0,0,1
39,2,0,0,0,1,1,0,0,2.646,0,0,0,0,0.0,0,1
36,2,1,0,0,1,1,0,0,3.085,0,0,0,0,0.0,0,1
21,1,0,0,0,1,0,0,0,3.278,0,0,0,0,0.0,0,0
53,1,1,0,0,1,0,0,0,2.322,0,0,0,0,0.0,0,0
31,2,0,0,0,1,1,0,0,2.948,0,0,0,0,0.0,0,1
54,1,2,0,0,1,0,0,0,3.379,0,0,0,0,0.0,0,0
34,2,0,0,0,1,1,0,0,3.17,0,0,0,0,0.0,0,1
32,2,0,0,0,1,1,0,0,2.845,0,0,0,0,0.0,0,1
41,1,2,0,0,1,0,0,0,2.522,0,0,0,0,0.0,0,0
61,2,0,0,0,1,1,1,0,2.725,0,0,0,0,0.0,0,0
25,1,0,0,0,1,0,1,0,3.122,0,0,0,0,0.0,0,0
35,2,0,0,0,1,0,0,0,3.322,0,0,0,0,0.0,0,1
34,1,1,0,0,1,0,0,0,3.617,0,0,0,0,0.0,0,1
52,1,2,0,0,1,0,0,0,3.085,0,0,0,0,0.0,0,0
54,2,1,0,0,1,0,0,0,3.096,0,0,0,0,0.0,0,0
37,2,0,0,0,1,1,0,0,2.725,0,0,0,0,0.0,0,1
20,1,0,0,0,1,0,0,0,1.5,0,0,0,0,0.0,0,1
66,1,0,0,0,1,0,0,0,3.15,0,0,0,0,0.0,0,1
44,1,2,0,0,1,0,0,0,2.252,0,0,0,0,0.0,0,0
25,2,0,0,0,1,1,0,0,2.725,0,0,0,0,0.0,0,1
38,2,1,0,0,1,1,0,0,4.054,0,0,0,0,0.0,0,1
29,2,0,0,0,1,1,0,0,2.419,0,0,0,0,0.0,0,1
43,2,2,0,0,1,1,0,0,2.419,0,0,0,0,0.0,0,1
51,2,1,0,0,1,0,0,0,2.5,0,0,0,0,0.0,0,0
44,1,2,0,0,1,0,0,0,2.585,0,0,0,0,0.0,0,0
41,3,1,0,0,1,1,0,0,2.5,0,0,0,0,0.0,0,1
47,1,1,0,0,1,0,1,0,2.252,0,0,0,0,0.0,0,0
47,1,0,0,0,1,0,0,0,3.252,0,0,0,0,0.0,0,0
42,1,0,0,0,1,0,1,0,3.085,0,0,0,0,0.0,0,0
111,2,10,0,0,0,1,0,0,3.844,0,0,0,0,0.0,0,1
61,2,5,0,0,1,1,0,0,2.642,0,0,0,0,0.0,0,1
41,2,1,0,0,1,1,0,0,3.027,0,0,0,0,0.0,0,1
119,2,10,0,0,0,1,0,0,3.725,0,0,0,0,0.0,0,1
60,3,1,0,0,1,1,0,0,2.922,0,0,0,0,0.0,0,0
46,1,0,0,0,1,0,0,0,3.096,0,0,0,0,0.0,0,0
45,1,0,0,0,1,0,0,0,3.17,0,0,0,0,0.0,0,0
53,1,1,0,0,1,0,1,0,3.625,0,0,0,0,0.0,0,0
27,2,0,0,0,1,1,0,0,2.948,0,0,0,0,0.0,0,0
51,1,2,0,0,1,0,0,0,3.507,0,0,0,0,0.0,0,0
49,1,0,0,0,1,0,0,0,1.5,0,0,0,0,0.0,0,0
34,2,1,0,0,1,1,0,0,3.096,0,0,0,0,0.0,0,0
38,2,1,0,0,1,0,0,0,3.471,0,0,0,0,0.0,0,1
39,2,0,0,0,1,1,0,0,2.948,0,0,0,0,0.0,0,1
33,2,0,0,0,1,1,0,0,2.948,0,0,0,0,0.0,0,1
59,2,1,0,0,1,1,0,0,2.807,0,0,0,0,0.0,0,0
24,1,1,0,0,1,0,0,0,3.664,0,0,0,0,0.0,0,1
32,2,0,0,0,1,1,0,0,2.873,0,0,0,0,0.0,0,1
49,2,2,0,0,1,1,0,0,1.371,0,0,0,0,0.0,0,0
24,1,1,0,0,1,0,0,0,3.182,0,0,0,0,0.0,0,1
35,2,0,0,0,1,0,0,0,3.122,0,0,0,0,0.0,0,1
57,2,2,0,0,1,1,1,0,3.617,0,0,0,0,0.0,0,0
46,2,0,0,0,1,1,0,0,3.096,0,0,0,0,0.0,0,0
58,2,2,0,0,1,1,0,0,2.642,0,0,0,0,0.0,0,1
43,1,0,0,0,1,0,0,0,2.914,0,0,0,0,0.0,0,1
44,1,0,0,0,1,0,0,0,3.547,0,0,0,0,0.0,0,0
34,2,0,0,0,0,1,0,0,3.122,0,0,0,0,0.0,0,1
30,1,2,0,0,1,0,0,0,3.346,0,0,0,0,0.0,0,1
29,1,1,0,0,1,0,0,0,3.278,0,0,0,0,0.0,0,0
30,2,1,0,0,1,1,0,0,2.725,0,0,0,0,0.0,0,1
59,2,1,0,0,1,1,0,0,2.0,0,0,0,0,0.0,0,0
59,2,1,0,0,1,1,0,0,3.875,0,0,0,0,0.0,0,1
46,1,3,0,0,1,0,0,0,3.085,0,0,0,0,0.0,0,0
56,1,0,0,0,1,0,0,0,2.5,0,0,0,0,0.0,0,0
30,2,0,0,0,1,1,0,0,2.948,0,0,0,0,0.0,0,1
24,2,0,0,0,1,1,0,0,2.322,0,0,0,0,0.0,0,1
30,1,2,0,0,1,0,0,0,3.822,0,0,0,0,0.0,0,1
30,1,2,0,0,1,0,0,0,3.409,0,0,0,0,0.0,0,0
85,2,6,0,0,1,1,0,0,3.875,0,0,0,0,0.0,0,1
54,1,4,0,0,1,0,0,0,3.328,0,0,0,0,0.0,0,0
79,2,0,0,0,1,1,0,0,3.293,0,0,0,0,0.0,0,1
27,1,0,0,0,1,0,0,0,2.156,0,0,0,0,0.0,0,1
52,2,4,0,0,1,1,0,0,2.642,0,0,0,0,0.0,0,1
36,1,1,0,0,1,0,0,0,2.585,0,0,0,0,0.0,0,0
39,2,0,0,0,1,1,1,0,3.584,0,0,0,0,0.0,0,0
51,2,1,0,0,1,1,1,0,2.845,0,0,0,0,0.0,0,0
87,2,2,0,0,1,0,0,0,2.732,0,0,0,0,0.0,0,1
29,2,0,0,0,1,1,0,0,2.252,0,0,0,0,0.0,0,0
24,1,1,0,0,1,0,0,0,3.182,0,0,0,0,0.0,0,1
24,2,0,0,0,1,1,1,0,1.842,0,0,0,0,0.0,0,0
33,1,0,0,0,1,0,0,0,2.845,0,0,0,0,0.0,0,1
71,1,4,0,0,1,0,0,0,3.736,0,0,0,0,0.0,0,0
30,1,0,0,0,1,0,0,0,3.281,0,0,0,0,0.0,0,1
26,1,1,0,0,0,0,0,0,3.455,0,0,0,0,0.0,0,1
27,2,0,0,0,1,1,0,0,2.725,0,0,0,0,0.0,0,1
38,1,0,0,0,1,0,0,0,2.75,0,0,0,0,0.0,0,0
22,2,0,0,0,1,1,0,0,3.17,0,0,0,0,0.0,0,0
30,1,0,0,0,1,0,1,0,2.0,0,0,0,0,0.0,0,0
37,2,0,0,0,0,1,0,0,3.393,0,0,0,0,0.0,0,1
60,1,1,0,0,1,0,0,0,3.418,0,0,0,0,0.0,0,0
31,2,0,0,0,0,1,0,0,3.19,0,0,0,0,0.0,0,1
28,2,0,0,0,1,1,1,0,2.5,0,0,0,0,0.0,0,0
39,2,0,0,0,1,1,0,0,2.725,0,0,0,0,0.0,0,1
27,2,0,0,0,1,1,0,0,2.725,0,0,0,0,0.0,0,1
34,1,1,0,0,1,0,0,0,3.22,0,0,0,0,0.0,0,1
122,1,0,0,0,1,0,0,0,3.375,0,0,0,0,0.0,0,1
58,1,1,0,0,1,0,1,0,3.264,0,0,0,0,0.0,0,0
19,1,0,0,0,1,0,0,0,2.948,0,0,0,0,0.0,0,0
28,1,1,0,0,1,0,0,0,3.303,0,0,0,0,0.0,0,1
61,2,2,0,0,1,1,0,0,3.236,0,0,0,0,0.0,0,0
19,1,0,0,0,1,0,0,0,2.419,0,0,0,0,0.0,0,0
27,1,0,0,0,1,0,0,0,2.406,0,0,0,0,0.0,0,1
182,2,1,0,0,1,1,0,0,4.429,0,0,0,0,0.0,0,1
25,2,1,0,0,1,1,0,0,2.0,0,0,0,0,0.0,0,1
76,3,7,0,0,1,2,0,0,3.122,0,0,0,0,0.0,0,1
74,1,0,0,0,1,0,0,0,3.698,0,0,0,0,0.0,0,0
28,1,0,0,0,1,0,0,0,3.122,0,0,0,0,0.0,0,0
21,1,0,0,0,1,0,0,0,2.807,0,0,0,0,0.0,0,0
57,2,1,0,0,1,1,1,0,2.918,0,0,0,0,0.0,0,0
25,1,0,0,0,1,0,1,0,1.792,0,0,0,0,0.0,0,0
31,2,0,0,0,1,1,0,0,3.0,0,0,0,0,0.0,0,0
70,1,0,0,0,0,0,0,0,2.914,0,0,0,0,0.0,0,1
28,1,1,0,0,1,0,0,0,2.585,0,0,0,0,0.0,0,0
29,1,1,0,0,1,0,0,0,3.278,0,0,0,0,0.0,0,0
47,2,2,0,0,1,1,0,0,2.75,0,0,0,0,0.0,0,0
45,2,0,0,0,1,1,0,0,2.948,0,0,0,0,0.0,0,0
31,2,0,0,0,1,0,0,0,2.922,0,0,0,0,0.0,0,1
36,2,0,0,0,1,0,0,0,3.459,0,0,0,0,0.0,0,1
33,1,0,0,0,1,0,0,0,2.845,0,0,0,0,0.0,0,1
30,1,1,0,0,1,0,0,0,3.446,0,0,0,0,0.0,0,1
49,4,1,0,0,1,2,0,0,2.855,0,0,0,0,0.0,0,1
21,1,0,0,0,1,0,0,0,3.459,0,0,0,0,0.0,0,1
74,1,6,0,0,1,0,0,0,3.585,0,0,0,0,0.0,0,1
23,1,0,0,0,1,0,0,0,2.948,0,0,0,0,0.0,0,0
51,1,2,0,0,1,0,0,0,3.64,0,0,0,0,0.0,0,0
44,2,0,0,0,1,1,2,0,2.732,0,0,0,0,0.0,0,0
40,2,1,0,0,0,1,0,0,3.328,0,0,0,0,0.0,0,1
35,1,1,0,0,1,0,1,0,3.328,0,0,0,0,0.0,0,0
56,1,1,0,0,1,0,0,0,3.0,0,0,0,0,0.0,0,0
46,1,0,0,0,1,0,0,0,3.027,0,0,0,0,0.0,0,0
52,2,0,0,0,1,0,0,0,3.278,0,0,0,0,0.0,0,1
68,2,0,0,0,1,1,1,0,2.914,0,0,0,0,0.0,0,0
57,1,1,0,0,1,0,0,0,2.419,0,0,0,0,0.0,0,0
21,1,0,0,0,1,0,0,0,3.278,0,0,0,0,0.0,0,1
43,1,0,0,0,1,0,0,0,2.75,0,0,0,0,0.0,0,0
108,1,0,0,0,1,0,0,0,2.725,0,0,0,0,0.0,0,1
51,2,2,0,0,0,1,0,0,4.236,0,0,0,0,0.0,0,1
20,1,0,0,0,1,0,0,0,2.585,0,0,0,0,0.0,0,0
39,1,0,0,0,1,0,0,0,3.19,0,0,0,0,0.0,0,1
30,2,0,0,0,1,1,0,0,3.039,0,0,0,0,0.0,0,0
34,2,1,0,0,1,1,1,0,2.948,0,0,0,0,0.0,0,0
53,1,2,0,0,1,0,0,0,2.322,0,0,0,0,0.0,0,0
61,1,0,0,0,1,0,0,0,2.642,0,0,0,0,0.0,0,0
54,1,0,0,0,1,0,0,0,2.948,0,0,0,0,0.0,0,0
19,1,0,0,0,1,0,0,0,3.17,0,0,0,0,0.0,0,0
60,1,0,0,0,1,0,0,0,3.096,0,0,0,0,0.0,0,0
29,2,0,0,0,1,1,0,0,3.17,0,0,0,0,0.0,0,1
41,2,1,0,0,1,1,0,0,2.75,0,0,0,0,0.0,0,1
21,1,0,0,0,1,0,1,0,2.585,0,0,0,0,0.0,0,0
35,2,1,0,0,1,1,0,0,3.122,0,0,0,0,0.0,0,1
31,2,0,0,0,1,1,0,0,3.236,0,0,0,0,0.0,0,1
51,1,1,0,0,1,0,1,0,3.236,0,0,0,0,0.0,0,0
53,1,2,0,0,1,0,0,0,2.419,0,0,0,0,0.0,0,0
58,1,0,0,0,1,0,0,0,2.873,0,0,0,0,0.0,0,0
45,2,1,0,0,0,1,0,0,3.69,0,0,0,0,0.0,0,1
60,2,2,0,0,1,1,0,0,3.236,0,0,0,0,0.0,0,0
47,1,0,0,0,1,0,0,0,3.022,0,0,0,0,0.0,0,0
44,2,3,0,0,1,1,0,0,2.855,0,0,0,0,0.0,0,1
62,1,1,0,0,1,0,0,0,3.522,0,0,0,0,0.0,0,0
32,2,0,0,0,0,1,0,0,3.75,0,0,0,0,0.0,0,1
46,1,2,0,0,1,0,0,0,2.75,0,0,0,0,0.0,0,0
45,2,3,0,0,1,1,0,0,3.337,0,0,0,0,0.0,0,1
64,1,0,0,0,1,0,1,0,3.252,0,0,0,0,0.0,0,0
21,1,0,0,0,1,0,0,0,3.459,0,0,0,0,0.0,0,1
44,2,3,0,0,0,1,0,0,3.337,0,0,0,0,0.0,0,1
40,1,0,0,0,1,0,0,0,2.948,0,0,0,0,0.0,0,0
53,1,1,0,0,1,0,0,0,2.503,0,0,0,0,0.0,0,0
32,2,1,0,0,1,1,0,0,3.69,0,0,0,0,0.0,0,0
45,1,2,0,0,1,0,0,0,2.522,0,0,0,0,0.0,0,0
36,3,0,0,0,1,0,0,0,2.918,0,0,0,0,0.0,0,1
31,2,0,0,0,1,1,0,0,2.725,0,0,0,0,0.0,0,1
29,1,1,0,0,1,0,0,0,3.096,0,0,0,0,0.0,0,0
64,1,0,0,0,1,0,0,0,3.252,0,0,0,0,0.0,0,0
93,2,8,0,0,1,1,0,0,3.393,0,0,0,0,0.0,0,1
38,2,1,0,0,1,1,0,0,2.725,0,0,0,0,0.0,0,1
24,1,0,0,0,1,0,0,0,3.182,0,0,0,0,0.0,0,0
28,1,1,0,0,1,0,0,0,3.322,0,0,0,0,0.0,0,0
47,2,1,0,0,1,1,0,0,4.005,0,0,0,0,0.0,0,1
33,2,0,0,0,1,1,0,0,2.873,0,0,0,0,0.0,0,1
54,1,0,0,0,1,0,0,0,2.948,0,0,0,0,0.0,0,0
27,1,1,0,0,1,0,0,0,3.617,0,0,0,0,0.0,0,1
50,1,2,0,0,1,0,0,0,2.922,0,0,0,0,0.0,0,0
41,2,1,0,0,1,0,0,0,3.789,0,0,0,0,0.0,0,1
26,1,0,0,0,1,0,0,0,3.085,0,0,0,0,0.0,0,0
32,2,0,0,0,1,0,0,0,3.278,0,0,0,0,0.0,0,1
38,2,1,0,0,1,1,0,0,3.393,0,0,0,0,0.0,0,1
31,1,0,0,0,1,0,0,0,3.577,0,0,0,0,0.0,0,1
29,1,1,0,0,1,0,0,0,3.321,0,0,0,0,0.0,0,0
23,1,0,0,0,1,0,0,0,1.585,0,0,0,0,0.0,0,1
21,1,0,0,0,1,0,0,0,2.522,0,0,0,0,0.0,0,0
77,3,3,0,1,1,1,0,0,2.922,0,0,0,0,0.0,0,1
85,2,2,0,0,1,1,0,0,3.122,0,0,0,0,0.0,0,1
43,1,1,0,0,1,0,0,0,3.24,0,0,0,0,0.0,0,1
48,1,1,0,0,1,0,1,0,2.807,0,0,0,0,0.0,0,0
35,2,1,0,0,1,1,0,0,3.682,0,0,0,0,0.0,0,1
26,1,0,0,0,1,0,0,0,2.845,0,0,0,0,0.0,0,1
35,2,1,0,0,1,1,0,0,3.425,0,0,0,0,0.0,0,1
42,2,0,0,0,1,1,1,0,2.855,0,0,0,0,0.0,0,0
59,2,5,0,0,1,1,0,0,2.642,0,0,0,0,0.0,0,1
34,2,0,0,0,1,1,0,0,3.125,0,0,0,0,0.0,0,1
46,3,0,0,0,1,1,0,0,3.0,0,0,0,0,0.0,0,0
38,1,0,0,0,1,0,0,0,3.252,0,0,0,0,0.0,0,0
37,2,1,0,0,1,1,0,0,3.418,0,0,0,0,0.0,0,1
43,2,2,0,0,1,1,0,0,2.807,0,0,0,0,0.0,0,0
52,1,2,0,0,1,0,0,0,3.0,0,0,0,0,0.0,0,0
23,1,0,0,0,1,0,0,0,3.547,0,0,0,0,0.0,0,0
37,2,1,0,0,1,1,0,0,3.418,0,0,0,0,0.0,0,1
40,2,0,0,0,1,1,0,0,2.75,0,0,0,0,0.0,0,1
49,2,1,0,0,1,1,0,0,3.379,0,0,0,0,0.0,0,0
40,2,1,0,0,1,1,0,0,3.323,0,0,0,0,0.0,0,1
20,1,0,0,0,1,0,0,0,1.5,0,0,0,0,0.0,0,1
50,2,1,0,0,1,1,0,0,3.863,0,0,0,0,0.0,0,1
41,2,2,0,0,1,1,0,0,2.642,0,0,0,0,0.0,0,1
41,2,0,0,0,0,1,0,0,3.808,0,0,0,0,0.0,0,1
27,1,2,0,0,1,0,0,0,3.735,0,0,0,0,0.0,0,0
40,1,2,0,0,1,0,0,0,2.585,0,0,0,0,0.0,0,0
30,1,1,0,0,1,0,0,0,3.0,0,0,0,0,0.0,0,0
33,1,0,0,0,1,0,0,0,2.522,0,0,0,0,0.0,0,0
58,2,1,0,0,0,1,0,0,3.875,0,0,0,0,0.0,0,1
58,2,2,0,0,1,1,0,0,2.948,0,0,0,0,0.0,0,0
50,2,3,0,0,1,1,0,0,2.642,0,0,0,0,0.0,0,1
45,1,2,0,0,1,0,0,0,2.522,0,0,0,0,0.0,0,0
27,1,1,0,0,1,0,0,0,2.725,0,0,0,0,0.0,0,0
14,1,0,0,0,1,0,0,0,2.0,0,0,0,0,0.0,0,0
46,2,0,0,0,1,1,0,0,2.922,0,0,0,0,0.0,0,0
33,1,0,0,0,1,0,0,0,2.845,0,0,0,0,0.0,0,1
40,1,0,0,0,1,0,1,0,3.122,0,0,0,0,0.0,0,0
28,2,0,0,0,1,1,0,0,3.17,0,0,0,0,0.0,0,1
42,1,1,0,0,1,0,0,0,3.753,0,0,0,0,0.0,0,1
33,2,0,0,0,1,1,0,0,2.948,0,0,0,0,0.0,0,1
24,2,0,0,0,1,1,0,0,3.0,0,0,0,0,0.0,0,0
37,1,0,0,0,1,0,0,0,3.096,0,0,0,0,0.0,0,0
91,2,6,0,0,0,1,0,0,4.056,0,0,0,0,0.0,0,1
117,2,7,0,0,0,1,0,0,4.039,0,0,0,0,0.0,0,1
51,2,0,0,0,1,0,0,0,3.096,0,0,0,0,0.0,0,1
31,1,0,0,0,1,0,0,0,2.642,0,0,0,0,0.0,0,0
43,2,2,0,0,1,1,0,0,2.642,0,0,0,0,0.0,0,1
47,2,2,0,0,1,1,0,0,3.335,0,0,0,0,0.0,0,1
92,2,6,0,0,1,1,0,0,4.056,0,0,0,0,0.0,0,1
23,1,0,0,0,1,0,0,0,2.725,0,0,0,0,0.0,0,0
20,2,0,0,0,1,1,0,0,2.236,0,0,0,0,0.0,0,0
29,1,1,0,0,1,0,0,0,2.236,0,0,0,0,0.0,0,0
63,2,1,0,0,1,1,1,0,3.75,0,0,0,0,0.0,0,0
48,1,0,0,0,1,0,0,0,3.352,0,0,0,0,0.0,0,1
48,2,0,0,0,0,1,0,0,3.939,0,0,0,0,0.0,0,1
32,2,0,0,0,1,1,0,0,2.855,0,0,0,0,0.0,0,0
28,2,0,0,0,0,1,0,0,3.252,0,0,0,0,0.0,0,1
36,2,1,0,0,0,1,0,0,3.085,0,0,0,0,0.0,0,1
47,1,2,0,0,1,0,0,0,2.522,0,0,0,0,0.0,0,0
68,2,1,0,0,1,1,0,0,2.725,0,0,0,0,0.0,0,1
33,2,0,0,0,0,1,0,0,3.337,0,0,0,0,0.0,0,1
47,1,2,0,0,1,0,0,0,3.085,0,0,0,0,0.0,0,0
52,2,0,0,0,1,0,0,0,2.845,0,0,0,0,0.0,0,1
20,1,0,0,0,1,0,0,0,2.846,0,0,0,0,0.0,0,0
29,2,0,0,0,1,1,0,0,2.419,0,0,0,0,0.0,0,1
30,2,0,0,0,1,1,0,0,3.027,0,0,0,0,0.0,0,1
37,2,0,0,0,1,1,0,0,2.725,0,0,0,0,0.0,0,1
37,1,0,0,0,1,0,0,0,3.278,0,0,0,0,0.0,0,0
15,1,0,0,0,1,0,0,0,2.322,0,0,0,0,0.0,0,0
37,2,1,0,0,1,1,0,0,3.181,0,0,0,0,0.0,0,0
43,2,0,0,0,1,0,0,0,3.418,0,0,0,0,0.0,0,1
72,2,3,0,0,1,1,0,0,3.122,0,0,0,0,0.0,0,1
44,2,0,0,0,1,1,0,0,3.096,0,0,0,0,0.0,0,0
28,2,0,0,0,1,1,0,0,3.122,0,0,0,0,0.0,0,1
43,2,2,0,0,1,0,0,0,3.346,0,0,0,0,0.0,0,1
61,1,0,0,0,1,0,0,0,3.17,0,0,0,0,0.0,0,0
23,1,0,0,0,1,0,1,0,3.0,0,0,0,0,0.0,0,0
27,1,0,0,0,1,0,0,0,3.239,0,0,0,0,0.0,0,0
279,2,7,0,0,0,1,0,0,2.922,0,0,0,0,0.0,0,1
33,2,0,0,0,1,0,0,0,3.418,0,0,0,0,0.0,0,1
28,1,0,0,0,1,0,0,0,2.807,0,0,0,0,0.0,0,0
35,2,0,0,0,1,1,0,0,3.335,0,0,0,0,0.0,0,1
50,1,2,0,0,1,0,0,0,3.122,0,0,0,0,0.0,0,0
40,2,1,0,0,1,1,0,0,3.64,0,0,0,0,0.0,0,1
50,2,4,0,0,1,1,0,0,2.642,0,0,0,0,0.0,0,1
27,1,1,0,0,1,0,0,0,3.22,0,0,0,0,0.0,0,1
75,2,6,0,0,1,1,0,0,3.7,0,0,0,0,0.0,0,1
27,1,0,0,0,1,0,0,0,2.931,0,0,0,0,0.0,0,0
42,2,0,0,0,1,1,0,0,3.125,0,0,0,0,0.0,0,1
51,1,1,0,0,1,0,1,0,3.122,0,0,0,0,0.0,0,0
42,2,0,0,0,0,1,0,0,3.902,0,0,0,0,0.0,0,1
42,2,0,0,0,1,1,0,0,2.948,0,0,0,0,0.0,0,1
41,2,0,0,0,1,1,0,0,2.899,0,0,0,0,0.0,0,1
39,1,0,0,0,1,0,0,0,2.75,0,0,0,0,0.0,0,0
25,2,0,0,0,0,1,0,0,2.725,0,0,0,0,0.0,0,1
84,2,5,0,0,0,1,0,0,3.837,0,0,0,0,0.0,0,1
46,1,0,0,0,1,0,1,0,3.25,0,0,0,0,0.0,0,0
21,2,0,0,0,1,1,0,0,1.585,0,0,0,0,0.0,0,0
30,2,0,0,0,0,1,0,0,3.239,0,0,0,0,0.0,0,1
67,2,0,0,0,1,1,0,0,2.522,0,0,0,0,0.0,0,0
54,2,1,0,0,1,0,0,0,2.522,0,0,0,0,0.0,0,0
65,1,1,0,0,1,0,0,0,3.181,0,0,0,0,0.0,0,0
27,2,0,0,0,1,1,0,0,3.17,0,0,0,0,0.0,0,0
32,2,0,0,0,1,0,0,0,3.459,0,0,0,0,0.0,0,1
44,1,1,0,0,1,0,1,0,2.522,0,0,0,0,0.0,0,0
31,2,0,0,0,0,1,0,0,3.64,0,0,0,0,0.0,0,1
29,2,0,0,0,1,1,0,0,2.948,0,0,0,0,0.0,0,1
28,1,0,0,0,1,0,0,0,3.664,0,0,0,0,0.0,0,0
106,2,5,0,0,1,1,0,0,4.429,0,0,0,0,0.0,0,1
38,2,1,0,0,1,1,0,0,4.005,0,0,0,0,0.0,0,1
33,1,2,0,0,1,0,0,0,3.523,0,0,0,0,0.0,0,1
61,2,0,0,0,1,1,0,0,2.522,0,0,0,0,0.0,0,0
56,2,1,0,0,1,1,0,0,3.122,0,0,0,0,0.0,0,1
61,2,2,0,0,1,1,0,0,3.461,0,0,0,0,0.0,0,0
59,3,1,0,0,1,0,0,0,2.845,0,0,0,0,0.0,0,0
39,2,2,0,0,1,0,0,0,3.346,0,0,0,0,0.0,0,1
58,3,1,0,0,1,1,0,0,2.646,0,0,0,0,0.0,0,0
32,2,1,0,0,1,1,0,0,3.122,0,0,0,0,0.0,0,1
51,2,3,0,0,1,1,0,0,3.962,0,0,0,0,0.0,0,1
43,2,1,0,0,1,1,0,0,3.122,0,0,0,0,0.0,0,1
91,2,3,0,0,1,1,0,0,3.29,0,0,0,0,0.0,0,1
37,1,0,0,0,1,0,0,0,3.523,0,0,0,0,0.0,0,0
57,2,0,0,0,1,1,1,0,3.116,0,0,0,0,0.0,0,0
20,1,1,0,0,1,0,0,0,2.922,0,0,0,0,0.0,0,1
138,2,13,0,0,1,1,0,0,3.932,0,0,0,0,0.0,0,1
39,1,0,0,0,1,0,0,0,3.393,0,0,0,0,0.0,0,0
42,2,0,0,0,1,1,0,0,2.252,0,0,0,0,0.0,0,0
35,2,0,0,0,1,1,0,0,3.122,0,0,0,0,0.0,0,0
27,2,0,0,0,1,1,0,0,2.725,0,0,0,0,0.0,0,1
26,2,0,0,0,1,1,1,0,2.807,0,0,0,0,0.0,0,0
41,1,2,0,0,1,0,0,0,2.807,0,0,0,0,0.0,0,0
29,2,1,0,0,0,1,0,0,1.922,0,0,0,0,0.0,0,1
53,2,2,0,0,1,1,0,0,4.111,0,0,0,0,0.0,0,1
51,2,1,0,0,1,1,1,0,2.914,0,0,0,0,0.0,0,0
37,2,2,0,0,1,1,0,0,2.419,0,0,0,0,0.0,0,1
67,1,0,0,0,1,0,0,0,3.14,0,0,0,0,0.0,0,0
58,2,1,0,0,1,1,1,0,2.807,0,0,0,0,0.0,0,0
42,1,0,0,0,1,0,0,0,1.664,0,0,0,0,0.0,0,0
39,1,0,0,0,1,0,0,0,2.969,0,0,0,0,0.0,0,0
44,2,2,0,0,1,1,0,0,4.032,0,0,0,0,0.0,0,1
58,1,1,0,0,1,0,0,0,2.922,0,0,0,0,0.0,0,0
33,1,0,0,0,1,0,0,0,3.376,0,0,0,0,0.0,0,1
57,2,1,0,0,1,1,0,0,2.725,0,0,0,0,0.0,0,1
27,1,0,0,0,1,0,0,0,3.17,0,0,0,0,0.0,0,1
22,1,0,0,0,1,0,1,0,2.128,0,0,0,0,0.0,0,0
20,1,0,0,0,1,0,0,0,2.585,0,0,0,0,0.0,0,0
51,2,2,0,0,1,1,0,0,4.054,0,0,0,0,0.0,0,1
34,1,1,0,0,1,0,1,0,2.75,0,0,0,0,0.0,0,0
32,2,0,0,0,1,1,0,0,2.948,0,0,0,0,0.0,0,1
27,2,0,0,0,1,1,0,0,3.022,0,0,0,0,0.0,0,0
46,1,2,0,0,1,0,0,0,3.189,0,0,0,0,0.0,0,0
42,2,2,0,0,1,0,0,0,3.523,0,0,0,0,0.0,0,1
26,1,2,0,0,1,0,0,0,3.25,0,0,0,0,0.0,0,1
27,2,0,0,0,1,1,0,0,2.948,0,0,0,0,0.0,0,1
47,2,2,0,0,0,1,0,0,4.005,0,0,0,0,0.0,0,1
64,1,0,0,0,1,0,0,0,2.953,0,0,0,0,0.0,0,1
19,1,0,0,0,1,0,0,0,2.642,0,0,0,0,0.0,0,0
53,1,1,0,0,1,0,1,0,3.022,0,0,0,0,0.0,0,0
41,2,1,0,0,1,0,0,0,3.789,0,0,0,0,0.0,0,1
66,2,0,0,0,1,1,0,0,3.093,0,0,0,0,0.0,0,0
32,1,1,0,0,1,0,0,0,3.789,0,0,0,0,0.0,0,1
27,2,1,0,0,1,1,0,0,1.5,0,0,0,0,0.0,0,1
52,1,2,0,0,1,0,0,0,2.75,0,0,0,0,0.0,0,0
49,2,1,0,0,1,1,0,0,4.054,0,0,0,0,0.0,0,1
33,2,0,0,0,1,1,0,0,3.057,0,0,0,0,0.0,0,1
60,2,1,0,0,1,1,0,0,3.122,0,0,0,0,0.0,0,0
55,2,0,0,0,1,1,0,0,2.985,0,0,0,0,0.0,0,0
43,2,2,0,0,1,1,0,0,3.122,0,0,0,0,0.0,0,1
38,1,0,0,0,1,0,0,0,2.75,0,0,0,0,0.0,0,0
54,2,1,0,0,1,0,0,0,2.914,0,0,0,0,0.0,0,0
39,2,1,0,0,1,0,0,0,3.884,0,0,0,0,0.0,0,1
78,1,6,0,0,1,0,0,0,3.453,0,0,0,0,0.0,0,1
18,1,0,0,0,1,0,0,0,2.5,0,0,0,0,0.0,0,0
33,2,2,0,0,1,1,0,0,3.457,0,0,0,0,0.0,0,1
194,2,2,0,0,1,1,0,0,3.122,0,0,0,0,0.0,0,1
26,1,0,0,0,1,0,1,0,3.278,0,0,0,0,0.0,0,0
73,1,2,0,0,1,0,0,0,3.753,0,0,0,0,0.0,0,0
37,2,0,0,0,1,1,0,0,3.379,0,0,0,0,0.0,0,1
65,1,0,0,0,1,0,0,0,3.181,0,0,0,0,0.0,0,0
63,3,0,0,0,1,2,0,0,3.522,0,0,0,0,0.0,0,1
82,3,2,0,0,1,1,0,0,3.457,0,0,0,0,0.0,0,1
19,1,0,0,0,1,0,0,0,3.17,0,0,0,0,0.0,0,1
20,1,0,0,0,1,0,0,0,3.322,0,0,0,0,0.0,0,1
37,1,0,0,0,1,0,0,0,2.322,0,0,0,0,0.0,0,0
41,2,1,0,0,1,0,0,0,3.22,0,0,0,0,0.0,0,1
39,2,1,0,0,1,0,0,0,3.546,0,0,0,0,0.0,0,1
57,2,3,0,0,1,1,0,0,3.453,0,0,0,0,0.0,0,0
27,1,0,0,0,1,0,0,0,2.815,0,0,0,0,0.0,0,0
50,1,0,0,0,1,0,0,0,3.374,0,0,0,0,0.0,0,0
58,1,0,0,0,1,0,0,0,2.948,0,0,0,0,0.0,0,0
45,1,1,0,0,1,0,0,0,3.027,0,0,0,0,0.0,0,0
40,1,0,0,0,1,0,0,0,2.922,0,0,0,0,0.0,0,0
38,1,0,0,0,1,0,1,0,3.085,0,0,0,0,0.0,0,0
23,1,0,0,0,1,0,0,0,2.948,0,0,0,0,0.0,0,0
49,2,0,0,0,0,1,0,0,4.134,0,0,0,0,0.0,0,1
27,1,1,0,0,1,0,0,0,2.948,0,0,0,0,0.0,0,0
64,1,0,0,0,1,0,0,0,3.252,0,0,0,0,0.0,0,0
32,2,0,0,0,0,1,0,0,3.875,0,0,0,0,0.0,0,1
45,2,1,0,0,0,1,0,0,4.005,0,0,0,0,0.0,0,1
36,2,0,0,0,1,1,1,0,2.914,0,0,0,0,0.0,0,1
129,2,12,0,0,1,1,0,0,3.418,0,0,0,0,0.0,0,1
49,2,1,0,0,0,1,0,0,3.894,0,0,0,0,0.0,0,1
83,3,2,0,0,1,1,0,0,3.457,0,0,0,0,0.0,0,1
23,1,0,0,0,1,0,0,0,1.837,0,0,0,0,0.0,0,0
39,2,1,0,0,1,1,0,0,4.005,0,0,0,0,0.0,0,1
60,2,2,0,0,1,1,0,0,2.922,0,0,0,0,0.0,0,0
38,2,0,0,0,1,1,0,0,3.17,0,0,0,0,0.0,0,1
30,2,1,0,0,1,1,0,0,1.5,0,0,0,0,0.0,0,1
41,1,0,0,0,1,0,0,0,2.922,0,0,0,0,0.0,0,0
22,1,0,0,0,1,0,0,0,3.0,0,0,0,0,0.0,0,0
50,2,1,0,0,0,1,0,0,4.181,0,0,0,0,0.0,0,1
33,2,2,0,0,0,1,0,0,3.499,0,0,0,0,0.0,0,1
29,1,0,0,0,1,0,1,0,2.896,0,0,0,0,0.0,0,0
49,1,2,0,0,1,0,0,0,2.322,0,0,0,0,0.0,0,0
41,2,0,0,0,1,1,0,0,2.722,0,0,0,0,0.0,0,0
44,2,0,0,0,1,0,0,0,3.418,0,0,0,0,0.0,0,1
46,3,0,0,0,1,1,0,0,3.189,0,0,0,0,0.0,0,1
53,1,2,0,0,1,0,0,0,2.322,0,0,0,0,0.0,0,0
20,1,0,0,0,1,0,0,0,3.122,0,0,0,0,0.0,0,1
53,1,2,0,0,1,0,0,0,3.393,0,0,0,0,0.0,0,0
40,1,1,0,0,1,0,0,0,2.75,0,0,0,0,0.0,0,0
62,2,0,0,0,1,1,0,0,3.585,0,0,0,0,0.0,0,0
33,2,0,0,0,1,1,0,0,3.471,0,0,0,0,0.0,0,0
37,1,0,0,0,1,0,1,0,2.236,0,0,0,0,0.0,0,0
38,1,0,0,0,1,0,0,0,2.585,0,0,0,0,0.0,0,0
60,1,2,0,0,1,0,0,0,3.252,0,0,0,0,0.0,0,0
39,2,0,0,0,1,1,0,0,3.522,0,0,0,0,0.0,0,1
59,2,3,0,0,1,1,0,0,3.962,0,0,0,0,0.0,0,1
36,2,1,0,0,1,0,0,0,3.239,0,0,0,0,0.0,0,0
53,3,0,0,0,1,1,0,0,3.22,0,0,0,0,0.0,0,0
54,1,0,0,0,1,0,0,0,1.922,0,0,0,0,0.0,0,0
41,2,2,0,0,1,1,0,0,3.122,0,0,0,0,0.0,0,1
45,1,2,0,0,1,0,0,0,2.948,0,0,0,0,0.0,0,0
42,3,0,0,0,0,0,0,0,3.236,0,0,0,0,0.0,0,1
49,1,2,0,0,1,0,0,0,2.914,0,0,0,0,0.0,0,0
69,3,2,0,0,1,2,0,0,3.25,0,0,0,0,0.0,0,1
36,2,0,0,0,1,1,0,0,2.664,0,0,0,0,0.0,0,1
24,1,0,0,0,1,0,0,0,3.122,0,0,0,0,0.0,0,1
21,1,0,0,0,1,0,0,0,1.842,0,0,0,0,0.0,0,0
30,2,0,0,0,1,1,0,0,2.948,0,0,0,0,0.0,0,1
38,2,0,0,0,0,1,0,0,3.323,0,0,0,0,0.0,0,1
42,2,0,0,0,1,1,0,0,2.899,0,0,0,0,0.0,0,1
32,1,0,0,0,1,0,0,0,3.122,0,0,0,0,0.0,0,0
34,2,1,0,0,1,1,1,0,2.948,0,0,0,0,0.0,0,0
22,1,0,0,0,1,0,0,0,3.418,0,0,0,0,0.0,0,1
47,1,2,0,0,1,0,0,0,2.948,0,0,0,0,0.0,0,0
30,2,1,0,0,1,1,0,0,3.393,0,0,0,0,0.0,0,1
25,1,0,0,0,1,0,0,0,2.922,0,0,0,0,0.0,0,1
42,2,0,0,0,1,1,0,0,3.125,0,0,0,0,0.0,0,1
24,2,0,0,0,1,1,0,0,2.722,0,0,0,0,0.0,0,0
59,1,1,0,0,1,0,0,0,3.278,0,0,0,0,0.0,0,0
42,1,2,0,0,1,0,0,0,2.75,0,0,0,0,0.0,0,0
29,2,2,0,0,1,1,0,0,3.457,0,0,0,0,0.0,0,1
47,2,1,0,0,1,1,0,0,3.377,0,0,0,0,0.0,0,0
34,1,0,0,0,1,0,1,0,3.64,0,0,0,0,0.0,0,0
26,1,0,0,0,1,0,0,0,3.572,0,0,0,0,0.0,0,1
59,2,3,0,0,1,1,0,0,3.962,0,0,0,0,0.0,0,1
52,1,0,0,0,1,0,0,0,1.585,0,0,0,0,0.0,0,0
37,2,1,0,0,1,1,0,0,3.093,0,0,0,0,0.0,0,1
382,1,0,0,0,1,0,0,0,3.614,0,0,0,0,0.0,0,1
32,1,0,0,0,1,0,1,0,3.547,0,0,0,0,0.0,0,0
29,1,0,0,0,1,0,0,0,3.096,0,0,0,0,0.0,0,1
61,2,0,0,0,1,1,1,0,2.585,0,0,0,0,0.0,0,0
30,2,0,0,0,1,1,0,0,2.948,0,0,0,0,0.0,0,1
31,2,1,0,0,1,1,0,0,2.5,0,0,0,0,0.0,0,1
35,3,1,0,0,1,1,0,0,2.664,0,0,0,0,0.0,0,0
46,1,2,0,0,1,0,0,0,3.022,0,0,0,0,0.0,0,0
47,2,2,0,0,1,1,0,0,2.5,0,0,0,0,0.0,0,0
25,1,0,0,0,1,0,0,0,3.393,0,0,0,0,0.0,0,1
46,2,0,0,0,1,0,1,0,3.325,0,0,0,0,0.0,0,1
27,2,0,0,0,1,1,0,0,2.948,0,0,0,0,0.0,0,1
39,2,2,0,0,1,0,0,0,3.25,0,0,0,0,0.0,0,1
26,1,0,0,0,1,0,0,0,2.75,0,0,0,0,0.0,0,0
30,1,0,0,0,1,0,1,0,3.096,0,0,0,0,0.0,0,0
60,2,2,0,0,1,1,0,0,3.189,0,0,0,0,0.0,0,0
49,2,2,0,0,1,1,0,0,3.322,0,0,0,0,0.0,0,0
61,2,0,0,0,1,1,0,0,2.5,0,0,0,0,0.0,0,0
33,2,0,0,0,1,1,0,0,3.17,0,0,0,0,0.0,0,1
30,1,1,0,0,1,0,0,0,3.546,0,0,0,0,0.0,0,1
63,3,2,0,0,1,1,0,0,3.328,0,0,0,0,0.0,0,0
38,1,0,0,0,1,0,1,0,2.75,0,0,0,0,0.0,0,0
35,2,3,0,0,0,1,0,0,3.122,0,0,0,0,0.0,0,1
27,1,0,0,0,1,0,0,0,2.406,0,0,0,0,0.0,0,1
49,1,1,0,0,1,0,1,0,2.855,0,0,0,0,0.0,0,0
27,1,1,0,0,1,0,0,0,2.948,0,0,0,0,0.0,0,0
59,2,4,0,0,0,1,0,0,3.962,0,0,0,0,0.0,0,1
42,3,3,0,0,1,1,0,0,2.922,0,0,0,0,0.0,0,1
42,2,2,0,0,1,1,0,0,2.725,0,0,0,0,0.0,0,1
33,1,0,0,0,1,0,0,0,3.875,0,0,0,0,0.0,0,1
41,2,2,0,0,1,1,0,0,2.503,0,0,0,0,0.0,0,1
27,2,0,0,0,0,1,0,0,3.096,0,0,0,0,0.0,0,1
36,2,2,0,0,1,1,0,0,3.085,0,0,0,0,0.0,0,0
38,2,0,0,0,1,1,0,0,3.422,0,0,0,0,0.0,0,1
34,2,0,0,0,1,1,0,0,2.922,0,0,0,0,0.0,0,1
55,1,2,0,0,1,0,0,0,2.522,0,0,0,0,0.0,0,0
37,2,0,0,0,1,1,0,0,2.419,0,0,0,0,0.0,0,1
46,3,1,0,0,1,0,0,0,3.642,0,0,0,0,0.0,0,1
28,1,0,0,0,1,0,0,0,2.5,0,0,0,0,0.0,0,1
32,2,0,0,0,1,1,0,0,2.75,0,0,0,0,0.0,0,1
45,1,0,0,0,1,0,0,0,2.725,0,0,0,0,0.0,0,0
26,1,0,0,0,1,0,0,0,3.252,0,0,0,0,0.0,0,0
22,1,0,0,0,1,0,0,0,2.75,0,0,0,0,0.0,0,0
26,1,0,0,0,1,0,0,0,2.156,0,0,0,0,0.0,0,0
47,2,0,0,0,1,1,0,0,3.322,0,0,0,0,0.0,0,0
47,2,1,0,0,1,1,0,0,4.005,0,0,0,0,0.0,0,1
41,2,1,0,0,1,1,0,0,3.375,0,0,0,0,0.0,0,1
25,1,0,0,0,1,0,0,0,3.278,0,0,0,0,0.0,0,0
37,1,0,0,0,1,0,0,0,3.278,0,0,0,0,0.0,0,0
71,2,6,0,0,1,1,0,0,2.725,0,0,0,0,0.0,0,1
29,2,1,0,0,1,1,0,0,2.585,0,0,0,0,0.0,0,0
38,2,1,0,0,1,0,0,0,3.366,0,0,0,0,0.0,0,1
27,1,0,0,0,1,0,0,0,3.617,0,0,0,0,0.0,0,1
35,2,1,0,0,1,1,0,0,3.181,0,0,0,0,0.0,0,1
24,2,0,0,0,1,1,0,0,3.17,0,0,0,0,0.0,0,0
41,2,0,0,0,0,1,0,0,3.735,0,0,0,0,0.0,0,1
26,1,0,0,0,1,0,0,0,2.156,0,0,0,0,0.0,0,0
70,2,3,0,0,0,1,0,0,2.922,0,0,0,0,0.0,0,1
43,3,1,0,0,1,1,0,0,2.5,0,0,0,0,0.0,0,1
45,3,1,0,0,1,1,0,0,3.5,0,0,0,0,0.0,0,1
55,2,0,0,0,1,1,0,0,2.0,0,0,0,0,0.0,0,0
53,1,2,0,0,1,0,0,0,3.17,0,0,0,0,0.0,0,0
27,1,1,0,0,1,0,0,0,3.22,0,0,0,0,0.0,0,1
71,3,2,0,0,1,2,0,0,3.25,0,0,0,0,0.0,0,1
62,3,1,0,0,1,1,0,0,2.752,0,0,0,0,0.0,0,0
41,2,0,0,0,1,1,0,0,2.922,0,0,0,0,0.0,0,0
28,1,0,0,0,1,0,0,0,2.5,0,0,0,0,0.0,0,1
37,2,0,0,0,0,1,0,0,3.547,0,0,0,0,0.0,0,1
23,2,0,0,0,1,1,0,0,2.406,0,0,0,0,0.0,0,0
59,1,1,0,0,1,0,0,0,3.096,0,0,0,0,0.0,0,0
49,2,1,0,0,1,0,0,0,2.585,0,0,0,0,0.0,0,0
62,2,0,0,0,1,1,0,0,2.522,0,0,0,0,0.0,0,0
44,2,0,0,0,1,1,1,0,3.278,0,0,0,0,0.0,0,0
40,2,1,0,0,1,1,0,0,3.17,0,0,0,0,0.0,0,1
37,2,0,0,0,1,1,1,0,2.922,0,0,0,0,0.0,0,0
28,1,0,0,0,1,0,0,0,2.5,0,0,0,0,0.0,0,1
50,1,2,0,0,1,0,0,0,3.189,0,0,0,0,0.0,0,0
45,2,0,0,0,1,1,0,0,2.948,0,0,0,0,0.0,0,1
123,3,5,0,0,1,1,0,0,2.732,0,0,0,0,0.0,0,1
46,1,2,0,0,1,0,0,0,2.252,0,0,0,0,0.0,0,0
31,2,1,0,0,1,1,0,0,2.725,0,0,0,0,0.0,0,1
35,1,0,0,0,1,0,0,0,1.922,0,0,0,0,0.0,0,0
49,2,2,0,0,1,1,0,0,2.75,0,0,0,0,0.0,0,0
48,1,2,0,0,1,0,0,0,3.189,0,0,0,0,0.0,0,0
56,2,0,0,0,1,0,0,0,3.122,0,0,0,0,0.0,0,0
61,1,0,0,0,1,0,0,0,3.547,0,0,0,0,0.0,0,0
55,2,0,0,0,0,1,0,0,3.774,0,0,0,0,0.0,0,1
20,1,0,0,0,1,0,0,0,1.5,0,0,0,0,0.0,0,1
44,2,2,0,0,0,1,0,0,3.122,0,0,0,0,0.0,0,1
61,2,0,0,0,1,1,0,0,3.085,0,0,0,0,0.0,0,0
54,2,2,0,0,1,1,0,0,3.239,0,0,0,0,0.0,0,0
29,1,1,0,0,1,0,0,0,2.369,0,0,0,0,0.0,0,0
30,1,1,0,0,1,0,0,0,2.75,0,0,0,0,0.0,0,0
43,2,1,0,0,1,1,0,0,2.725,0,0,0,0,0.0,0,1
31,2,0,0,0,1,1,0,0,2.896,0,0,0,0,0.0,0,0
37,2,0,0,0,1,0,0,0,3.585,0,0,0,0,0.0,0,1
35,2,0,0,0,1,1,0,0,3.503,0,0,0,0,0.0,0,1
33,2,0,0,0,1,1,0,0,2.845,0,0,0,0,0.0,0,1
43,2,0,0,0,1,0,1,0,3.418,0,0,0,0,0.0,0,1
41,2,0,0,0,1,0,0,0,3.236,0,0,0,0,0.0,0,1
60,2,1,0,0,1,0,0,0,3.027,0,0,0,0,0.0,0,0
22,1,1,0,0,1,0,0,0,1.5,0,0,0,0,0.0,0,0
36,2,2,0,0,1,1,0,0,2.725,0,0,0,0,0.0,0,1
56,1,0,0,0,1,0,0,0,2.236,0,0,0,0,0.0,0,0
26,1,0,0,0,1,0,0,0,2.5,0,0,0,0,0.0,0,0
57,1,2,0,0,1,0,0,0,3.17,0,0,0,0,0.0,0,0
61,1,1,0,0,1,0,0,0,3.5,0,0,0,0,0.0,0,0
32,2,0,0,0,0,1,0,0,3.625,0,0,0,0,0.0,0,1
54,1,2,0,0,1,0,0,0,3.122,0,0,0,0,0.0,0,0
60,2,0,0,0,1,1,0,0,3.455,0,0,0,0,0.0,0,1
56,2,2,0,0,1,1,0,0,2.918,0,0,0,0,0.0,0,0
30,2,0,0,0,0,1,0,0,3.379,0,0,0,0,0.0,0,1
20,1,0,0,0,1,0,0,0,2.922,0,0,0,0,0.0,0,1
51,1,1,0,0,1,0,0,0,2.807,0,0,0,0,0.0,0,0
26,1,0,0,0,1,0,0,0,2.75,0,0,0,0,0.0,0,0
40,1,2,0,0,1,0,0,0,2.252,0,0,0,0,0.0,0,0
33,2,0,0,0,0,1,0,0,3.337,0,0,0,0,0.0,0,1
62,1,0,0,0,1,0,0,0,3.122,0,0,0,0,0.0,0,0
29,1,1,0,0,1,0,0,0,3.366,0,0,0,0,0.0,0,1
31,2,0,0,0,0,1,0,0,3.374,0,0,0,0,0.0,0,1
42,2,0,0,0,0,1,0,0,3.684,0,0,0,0,0.0,0,1
40,2,0,0,0,1,1,0,0,2.252,0,0,0,0,0.0,0,0
20,1,0,0,0,1,0,0,0,2.922,0,0,0,0,0.0,0,0
21,2,0,0,0,1,1,0,0,2.197,0,0,0,0,0.0,0,0
42,2,3,0,0,1,1,1,0,2.725,0,0,0,0,0.0,0,1
41,2,0,0,0,1,1,0,0,3.125,0,0,0,0,0.0,0,1
47,1,0,0,0,1,0,0,0,2.855,0,0,0,0,0.0,0,0
33,2,0,0,0,1,1,0,0,2.948,0,0,0,0,0.0,0,1
32,2,1,0,0,1,1,0,0,3.122,0,0,0,0,0.0,0,1
33,2,0,0,0,1,1,0,0,3.122,0,0,0,0,0.0,0,0
39,2,0,0,0,1,1,1,0,3.0,0,0,0,0,0.0,0,0
47,4,1,0,0,1,3,0,0,3.252,0,0,0,0,0.0,0,1
63,2,1,0,0,1,1,0,0,2.914,0,0,0,0,0.0,0,0
59,1,0,0,0,1,0,0,0,3.096,0,0,0,0,0.0,0,0
22,1,0,0,0,1,0,0,0,3.418,0,0,0,0,0.0,0,1
33,1,0,0,0,1,0,1,0,3.236,0,0,0,0,0.0,0,1
47,2,2,0,0,1,1,0,0,3.122,0,0,0,0,0.0,0,1
175,2,1,0,0,1,1,0,0,2.419,0,0,0,0,0.0,0,1
26,1,0,0,0,1,0,1,0,3.027,0,0,0,0,0.0,0,0
29,1,0,0,0,1,0,0,0,2.236,0,0,0,0,0.0,0,0
62,6,0,0,0,1,4,0,0,2.922,0,0,0,0,0.0,0,1
56,3,1,0,0,1,1,0,0,1.922,0,0,0,0,0.0,0,0
23,1,1,0,0,1,0,0,0,1.922,0,0,0,0,0.0,0,0
23,1,0,0,0,1,0,0,0,3.027,0,0,0,0,0.0,0,0
56,2,1,0,0,1,0,0,0,2.948,0,0,0,0,0.0,0,0
35,2,0,0,0,1,1,0,0,2.419,0,0,0,0,0.0,0,1
47,1,3,0,0,1,0,0,0,3.096,0,0,0,0,0.0,0,0
87,2,5,0,0,1,1,0,0,4.134,0,0,0,0,0.0,0,1
51,1,2,0,0,1,0,0,0,3.819,0,0,0,0,0.0,0,1
38,2,0,0,0,1,1,0,0,3.393,0,0,0,0,0.0,0,1
26,1,0,0,0,1,0,1,0,3.252,0,0,0,0,0.0,0,1
40,2,0,0,0,1,1,0,0,2.732,0,0,0,0,0.0,0,1
45,2,7,0,0,1,1,0,0,2.725,0,0,0,0,0.0,0,1
67,1,0,0,0,1,0,0,0,3.503,0,0,0,0,0.0,0,0
60,1,2,0,0,1,0,0,0,3.418,0,0,0,0,0.0,0,0
58,2,1,0,0,1,0,0,0,2.369,0,0,0,0,0.0,0,0
42,2,3,0,0,1,1,0,0,2.642,0,0,0,0,0.0,0,1
21,2,0,0,0,1,1,0,0,2.503,0,0,0,0,0.0,0,0
39,2,0,0,0,1,1,0,0,3.323,0,0,0,0,0.0,0,1
33,1,1,0,0,1,0,0,0,3.278,0,0,0,0,0.0,0,0
40,1,0,0,0,1,0,0,0,2.948,0,0,0,0,0.0,0,0
80,2,5,0,0,0,1,0,0,3.684,0,0,0,0,0.0,0,1
32,2,0,0,0,0,1,0,0,3.5,0,0,0,0,0.0,0,1
40,2,0,0,0,1,1,0,0,2.113,0,0,0,0,0.0,0,0
64,3,2,0,0,1,1,0,0,3.182,0,0,0,0,0.0,0,0
30,1,0,0,0,1,0,0,0,3.239,0,0,0,0,0.0,0,1
51,2,0,0,0,1,1,1,0,3.252,0,0,0,0,0.0,0,0
35,2,1,0,0,1,1,0,0,3.085,0,0,0,0,0.0,0,1
55,2,2,0,0,1,1,0,0,2.719,0,0,0,0,0.0,0,0
18,1,0,0,0,1,0,0,0,2.0,0,0,0,0,0.0,0,0
59,3,0,0,0,1,2,0,0,2.664,0,0,0,0,0.0,0,1
33,1,0,0,0,1,0,0,0,3.325,0,0,0,0,0.0,0,1
42,1,0,0,0,1,0,0,0,2.585,0,0,0,0,0.0,0,0
38,1,0,0,0,1,0,1,0,2.75,0,0,0,0,0.0,0,0
66,1,2,0,0,1,0,0,0,3.239,0,0,0,0,0.0,0,0
33,2,0,0,0,1,0,0,0,3.585,0,0,0,0,0.0,0,1
42,1,1,0,0,1,0,0,0,3.588,0,0,0,0,0.0,0,1
128,2,9,0,0,1,1,0,0,3.837,0,0,0,0,0.0,0,1
18,1,0,0,0,1,0,0,0,2.5,0,0,0,0,0.0,0,0
36,2,0,0,0,1,1,1,0,2.948,0,0,0,0,0.0,0,1
48,1,2,0,0,1,0,0,0,3.252,0,0,0,0,0.0,0,0
46,1,2,0,0,1,0,0,0,2.922,0,0,0,0,0.0,0,0
46,2,1,0,0,1,1,0,0,4.005,0,0,0,0,0.0,0,1
39,1,1,0,0,1,0,1,0,3.181,0,0,0,0,0.0,0,0
74,2,5,0,0,1,1,0,0,3.022,0,0,0,0,0.0,0,1
37,1,0,0,0,1,0,1,0,2.807,0,0,0,0,0.0,0,0
73,2,0,0,0,1,0,0,0,2.0,0,0,0,0,0.0,0,1
63,2,5,0,0,1,1,0,0,2.642,0,0,0,0,0.0,0,1
34,1,0,0,0,1,0,0,0,3.418,0,0,0,0,0.0,0,1
39,2,0,0,0,1,1,0,0,3.027,0,0,0,0,0.0,0,1
84,4,1,0,0,1,2,0,0,2.855,0,0,0,0,0.0,0,1
56,2,2,0,0,1,0,0,0,2.914,0,0,0,0,0.0,0,0
65,3,4,0,0,1,1,0,0,2.642,0,0,0,0,0.0,0,1
20,2,0,0,0,1,1,0,0,1.922,0,0,0,0,0.0,0,0
285,2,5,0,0,0,1,0,0,3.69,0,0,0,0,0.0,0,1
37,2,0,0,0,1,1,0,0,2.948,0,0,0,0,0.0,0,1
58,1,1,0,0,1,0,0,0,2.914,0,0,0,0,0.0,0,1
38,3,0,0,0,1,1,0,0,3.122,0,0,0,0,0.0,0,1
43,1,0,0,0,1,0,0,0,3.131,0,0,0,0,0.0,0,1
49,2,1,0,0,0,1,0,0,3.974,0,0,0,0,0.0,0,1
46,1,0,0,0,1,0,0,0,2.931,0,0,0,0,0.0,0,1
